DROP TYPE IF EXISTS category_enum CASCADE;

DROP TABLE IF EXISTS users cascade;
DROP TABLE IF EXISTS bikes cascade;
DROP TABLE IF EXISTS rents cascade;
DROP TABLE IF EXISTS points_of_interest cascade;
DROP INDEX IF EXISTS idx_points_of_interest_location;
DROP TABLE IF EXISTS advertisements cascade;
DROP TABLE IF EXISTS positions cascade;
DROP TABLE IF EXISTS user_interests CASCADE;
DROP TABLE IF EXISTS poi_hours CASCADE;

CREATE TABLE users
(
    email     TEXT NOT NULL PRIMARY KEY,
    name      TEXT NOT NULL,
    text_area TEXT
);

CREATE TYPE category_enum AS ENUM ('Ristorazione','Istruzione','Trasporti','Servizi finanziari','Sanità','Servizi pubblici',
    'Gestione dei rifiuti','Intrattenimento, Arte e Cultura', 'Strutture', 'Cibo e bevande',
    'Negozio generico, grande magazzino, centro commerciale','Abbigliamento, scarpe, accessori',
    'Negozio sconti, enti di beneficenza','Salute e bellezza','Fai da te, casalinghi, materiali edili, giardinaggio',
    'Arredamento e interni','Elettronica','Attività esterne, sport e veicoli', 'Arte, musica, hobby',
    'Cartoleria, regali, libri, giornali');

CREATE TABLE user_interests
(
    user_email TEXT          NOT NULL REFERENCES users (email) ON DELETE CASCADE,
    category   category_enum NOT NULL,
    PRIMARY KEY (user_email, category)
);

CREATE TABLE bikes
(
    id SERIAL PRIMARY KEY
);

CREATE TABLE rents
(
    id         SERIAL NOT NULL PRIMARY KEY,
    bike_id    INT    NOT NULL REFERENCES bikes (id) ON DELETE CASCADE,
    user_email TEXT   NOT NULL REFERENCES users (email) ON DELETE CASCADE,
    is_closed  BOOL   NOT NULL DEFAULT FALSE
);

CREATE TABLE positions
(
    time_stamp TIMESTAMP WITH TIME ZONE,
    rent_id    INT  NOT NULL REFERENCES rents (id) ON DELETE CASCADE,
    latitude   REAL NOT NULL,
    longitude  REAL NOT NULL,
    PRIMARY KEY (time_stamp, rent_id)
);

CREATE TABLE points_of_interest
(
    latitude  REAL          NOT NULL,
    longitude REAL          NOT NULL,
    vat       CHAR(11)      NOT NULL,
    name      TEXT          NOT NULL,
    category  category_enum NOT NULL,
    offer     TEXT          NOT NULL,
    PRIMARY KEY (latitude, longitude)
);

CREATE INDEX idx_points_of_interest_location ON points_of_interest USING GIST (ST_SetSRID(ST_MakePoint(longitude, latitude), 4326)); --FIXME: is it useful?

CREATE TABLE poi_hours
(
    latitude_poi  REAL                NOT NULL,
    longitude_poi REAL                NOT NULL,
    day_of_week   INT                 NOT NULL CHECK (day_of_week <= 7 AND day_of_week >= 1),
    open_at       TIME WITH TIME ZONE NOT NULL,
    close_at      TIME WITH TIME ZONE NOT NULL,
    CHECK (close_at > open_at),
    FOREIGN KEY (latitude_poi, longitude_poi) REFERENCES points_of_interest (latitude, longitude),
    PRIMARY KEY (latitude_poi, longitude_poi, day_of_week)
);

CREATE TABLE advertisements
(
    id                  SERIAL                   NOT NULL PRIMARY KEY,
    latitude_poi        REAL                     NOT NULL,
    longitude_poi       REAL                     NOT NULL,
    position_time_stamp TIMESTAMP WITH TIME ZONE NOT NULL,
    position_rent_id    INT,
    adv                 TEXT,
    FOREIGN KEY (latitude_poi, longitude_poi) REFERENCES points_of_interest (latitude, longitude) ON DELETE CASCADE,
    FOREIGN KEY (position_time_stamp, position_rent_id) REFERENCES positions (time_stamp, rent_id),
    UNIQUE (latitude_poi, longitude_poi, position_rent_id)
);


INSERT INTO "bikes" ("id") VALUES
(1),
(2),
(3),
(4),
(5),
(6),
(7),
(8),
(9),
(10),
(11),
(12),
(13),
(14),
(15),
(16),
(17),
(18),
(19),
(20),
(21),
(22),
(23),
(24),
(25),
(26),
(27),
(28),
(29),
(30),
(31),
(32),
(33),
(34),
(35),
(36),
(37),
(38),
(39),
(40),
(41),
(42),
(43),
(44),
(45),
(46),
(47),
(48),
(49),
(50);

INSERT INTO "public"."points_of_interest" ("latitude", "longitude", "vat", "name", "category", "offer") VALUES
(45.36529, 11.910126, '9967422856 ', 'Zanzibar', 'Ristorazione', 'bar'),
(45.36697, 11.826941, '99498557765', 'Vega', 'Trasporti', 'fuel'),
(45.36738, 11.872089, '99691907484', 'AF Petroli', 'Trasporti', 'fuel'),
(45.367783, 11.873585, '99359011835', 'Capolinea Sud Tram', 'Trasporti', 'taxi'),
(45.36968, 11.922213, '99673605941', 'Salone Roberto e Michael', 'Salute e bellezza', 'hairdresser'),
(45.370186, 11.898086, '99119467784', 'Q8', 'Trasporti', 'fuel'),
(45.3724, 11.915791, '99701589753', 'Salone Mara', 'Salute e bellezza', 'hairdresser'),
(45.372746, 11.847712, '99932189932', '2L snack bar', 'Ristorazione', 'bar'),
(45.372982, 11.84798, '99151756493', 'Antichità Missaglia', 'Arredamento e interni', 'furniture'),
(45.373814, 11.854237, '99144675424', 'Normic Fishing', 'Attività esterne, sport e veicoli', 'fishing'),
(45.37425, 11.911337, '99488475892', 'Erg', 'Trasporti', 'fuel'),
(45.3765, 11.906093, '99404197823', 'Major', 'Trasporti', 'fuel'),
(45.377945, 11.89113, '99577936307', 'Alì', 'Negozio generico, grande magazzino, centro commerciale', 'supermarket'),
(45.37796, 11.913168, '99779874003', 'Eni', 'Trasporti', 'fuel'),
(45.378, 11.840353, '99119467784', 'Q8', 'Trasporti', 'fuel'),
(45.37843, 11.903843, '99577511885', 'Diadema', 'Salute e bellezza', 'hairdresser'),
(45.37875, 11.8702755, '99668327021', 'Ortofrutta Betto Massimo', 'Cibo e bevande', 'greengrocer'),
(45.3788, 11.9035635, '99711607993', 'Farmacia Stoppa', 'Sanità', 'pharmacy'),
(45.38027, 11.90227, '99154196121', 'Sogni di ogni ora', 'Cibo e bevande', 'bakery'),
(45.38034, 11.855609, '99119467784', 'Q8', 'Trasporti', 'fuel'),
(45.381184, 11.901479, '99928673994', 'Pizeria La Poesia', 'Ristorazione', 'fast_food'),
(45.385674, 11.904554, '99533517278', 'Il Telaio Bike Café', 'Ristorazione', 'biergarten'),
(45.38603, 11.897492, '99146272202', 'Mail Boxes Etc.', 'Servizi pubblici', 'post_office'),
(45.387157, 11.864005, '9977647720 ', 'Trattoria Basso Isonzo', 'Ristorazione', 'restaurant'),
(45.3885, 11.880665, '99811071061', 'Alla palma', 'Ristorazione', 'restaurant'),
(45.388676, 11.880538, '99355701698', 'L''azzurra gastronomia', 'Cibo e bevande', 'deli'),
(45.389534, 11.880239, '99337225843', 'Molon service', 'Elettronica', 'mobile_phone'),
(45.389965, 11.87102, '99100520246', 'Esso', 'Trasporti', 'fuel'),
(45.390038, 11.879546, '99856905159', 'Agip', 'Trasporti', 'fuel'),
(45.39093, 11.870599, '999749008  ', 'Cinema Lux', 'Intrattenimento, Arte e Cultura', 'cinema'),
(45.391365, 11.892378, '99132236074', 'Ristoraante Mitica', 'Ristorazione', 'restaurant'),
(45.391853, 11.813912, '99678406493', 'Gelogolosia', 'Ristorazione', 'ice_cream'),
(45.393795, 11.881362, '9951638719 ', 'Pizzeria per asporto Piczas', 'Ristorazione', 'fast_food'),
(45.393875, 11.938522, '99587215519', 'Lando', 'Negozio generico, grande magazzino, centro commerciale', 'supermarket'),
(45.394497, 11.86547, '9959850153 ', 'Api', 'Trasporti', 'fuel'),
(45.394745, 11.86234, '99296886988', 'I gelati di Gaia', 'Ristorazione', 'ice_cream'),
(45.396347, 11.888076, '99592243024', 'TE', 'Trasporti', 'fuel'),
(45.396427, 11.880735, '99997580319', 'Kebab da Vahid', 'Ristorazione', 'fast_food'),
(45.396664, 11.838052, '99555763599', 'CRAK Casana', 'Ristorazione', 'restaurant'),
(45.396732, 11.880253, '99591078404', 'Friends Fast Food', 'Ristorazione', 'fast_food'),
(45.396862, 11.944595, '99119467784', 'Q8', 'Trasporti', 'fuel'),
(45.397152, 11.899335, '99125395490', 'TotalErg', 'Trasporti', 'fuel'),
(45.39716, 11.834765, '99119467784', 'Q8', 'Trasporti', 'fuel'),
(45.399666, 11.877974, '99469100286', 'Trattoria al Bersagliere', 'Ristorazione', 'restaurant'),
(45.39998, 11.89411, '99577936307', 'Alì', 'Negozio generico, grande magazzino, centro commerciale', 'supermarket'),
(45.400753, 11.888564, '99779874003', 'Eni', 'Trasporti', 'fuel'),
(45.400806, 11.879658, '99191382750', 'Bar al Museo', 'Ristorazione', 'cafe'),
(45.401062, 11.9430685, '99401219332', 'Pasticceria Forin', 'Ristorazione', 'cafe'),
(45.40117, 11.943538, '99340194533', 'Rosticceria', 'Ristorazione', 'restaurant'),
(45.40121, 11.944789, '99848385717', 'Gas', 'Elettronica', 'computer'),
(45.401276, 11.875872, '99119137506', 'Bombonici', 'Abbigliamento, scarpe, accessori', 'clothes'),
(45.40128, 11.87568, '99634866841', 'Dojo Snack', 'Cibo e bevande', 'convenience'),
(45.401527, 11.884006, '99479405542', 'Magnetika', 'Abbigliamento, scarpe, accessori', 'clothes'),
(45.40197, 11.879679, '99909059223', 'Ristorante Fresco', 'Ristorazione', 'restaurant'),
(45.401978, 11.858786, '99856905159', 'Agip', 'Trasporti', 'fuel'),
(45.40222, 11.882052, '99765017702', 'Friso', 'Ristorazione', 'ice_cream'),
(45.403027, 11.912572, '99741653775', 'SPAK Supermercato', 'Negozio generico, grande magazzino, centro commerciale', 'supermarket'),
(45.40306, 11.875501, '99704302784', 'Shock Kebab', 'Ristorazione', 'fast_food'),
(45.40325, 11.879037, '99824840537', 'Padova 11', 'Servizi pubblici', 'post_office'),
(45.403305, 11.861377, '99100520246', 'Esso', 'Trasporti', 'fuel'),
(45.403378, 11.875663, '99291081116', 'Sicilian Goodness', 'Ristorazione', 'fast_food'),
(45.403572, 11.863008, '99661357400', 'Padova 8', 'Servizi pubblici', 'post_office'),
(45.40458, 11.854709, '99443441908', 'La Trottola', 'Istruzione', 'kindergarten'),
(45.404743, 11.93743, '99840493966', 'Blu Bistrot', 'Ristorazione', 'cafe'),
(45.40477, 11.889235, '99479236243', 'Biblioteca dell''Istituto teologico S. Antonio Dottore', 'Istruzione', 'library'),
(45.405144, 11.872472, '9988945403 ', 'Al Buscaglione', 'Ristorazione', 'bar'),
(45.405518, 11.867749, '99443299915', 'Joyce''s', 'Ristorazione', 'pub'),
(45.40563, 11.869275, '99663193440', 'Forno Cavallini', 'Cibo e bevande', 'bakery'),
(45.405823, 11.872164, '99930915195', 'Il Ventitré', 'Arte, musica, hobby', 'music'),
(45.405884, 11.878947, '99477141   ', 'Cafe Carlotta', 'Ristorazione', 'cafe'),
(45.40594, 11.881562, '99826441944', 'Artemisia Antichità', 'Arredamento e interni', 'antiques'),
(45.405952, 11.872877, '99150461796', 'Züt', 'Fai da te, casalinghi, materiali edili, giardinaggio', 'houseware'),
(45.40596, 11.872583, '99362763457', 'Libreria Pangea', 'Cartoleria, regali, libri, giornali', 'books'),
(45.406143, 11.8749895, '99343792288', 'La vecchia enoteca', 'Ristorazione', 'restaurant'),
(45.406307, 11.879055, '99290100975', 'Coop', 'Negozio generico, grande magazzino, centro commerciale', 'supermarket'),
(45.406506, 11.876162, '99622279481', 'TIM', 'Elettronica', 'mobile_phone'),
(45.406555, 11.876024, '99102486568', 'Lush', 'Salute e bellezza', 'cosmetics'),
(45.406578, 11.875839, '99570523431', 'Starbucks', 'Ristorazione', 'cafe'),
(45.406986, 11.873727, '99619807024', 'Brancalion', 'Abbigliamento, scarpe, accessori', 'clothes'),
(45.406998, 11.892366, '99962688674', 'Bar Clistina', 'Ristorazione', 'bar'),
(45.407055, 11.872863, '99823337736', 'Casa del Guanto', 'Abbigliamento, scarpe, accessori', 'clothes'),
(45.407063, 11.880517, '99267940467', 'Biblioteca Universitaria', 'Istruzione', 'library'),
(45.407124, 11.85683, '99951981974', 'Ristorante Elegguà', 'Ristorazione', 'restaurant'),
(45.407158, 11.857855, '99201976259', 'Via Palestro / Monte Cengio', 'Gestione dei rifiuti', 'waste_basket'),
(45.40733, 11.874783, '99475084514', 'Passione Pizza 23', 'Ristorazione', 'fast_food'),
(45.40743, 11.8768635, '99278451163', 'Farmacia Internazionale', 'Sanità', 'pharmacy'),
(45.407448, 11.873223, '99933294938', 'Kofler', 'Ristorazione', 'restaurant'),
(45.407482, 11.8775835, '99987665337', 'Pam', 'Negozio generico, grande magazzino, centro commerciale', 'supermarket'),
(45.4075, 11.876542, '9926178724 ', 'Cuoieria', 'Abbigliamento, scarpe, accessori', 'shoes'),
(45.40768, 11.874444, '99117103882', 'Videolook', 'Abbigliamento, scarpe, accessori', 'clothes'),
(45.407764, 11.876111, '99484975039', 'Graziati', 'Ristorazione', 'cafe'),
(45.40787, 11.873732, '99235256628', 'Pizzeria Ristorante "La Lanterna"', 'Ristorazione', 'restaurant'),
(45.407883, 11.882861, '99288643268', 'Orsobruno', 'Abbigliamento, scarpe, accessori', 'clothes'),
(45.407944, 11.87334, '99985996793', 'Gelateria GROM', 'Ristorazione', 'ice_cream'),
(45.408062, 11.877018, '99330087976', 'Zara', 'Abbigliamento, scarpe, accessori', 'clothes'),
(45.408127, 11.876847, '99781849468', 'Nucleo', 'Abbigliamento, scarpe, accessori', 'clothes'),
(45.408264, 11.871036, '99604212313', 'La Yarda', 'Ristorazione', 'cafe'),
(45.40827, 11.893395, '99506722081', 'Lo Spaccone club Biliardo', 'Ristorazione', 'pub'),
(45.408344, 11.877428, '99618293917', 'Tezenis', 'Abbigliamento, scarpe, accessori', 'clothes'),
(45.408363, 11.876022, '99220246766', 'REDS', 'Abbigliamento, scarpe, accessori', 'clothes'),
(45.408466, 11.871127, '99481929706', 'Peace ''n'' Spice', 'Ristorazione', 'restaurant'),
(45.408474, 11.874332, '99995226444', 'La Proseccheria', 'Ristorazione', 'cafe'),
(45.408615, 11.875533, '9914376935 ', 'Caffé Missaglia', 'Ristorazione', 'cafe'),
(45.40876, 11.876708, '99219217498', 'Croff', 'Arredamento e interni', 'interior_decoration'),
(45.408787, 11.87688, '99983333497', 'Douglas', 'Salute e bellezza', 'perfumery'),
(45.408813, 11.903057, '99892506323', 'Q8 Easy Stanga', 'Trasporti', 'fuel'),
(45.40886, 11.915281, '99878477948', 'Distretto Est', 'Ristorazione', 'cafe'),
(45.40891, 11.889399, '9937038486 ', 'Panificio Pasticceria Caffetteria Soranzo', 'Ristorazione', 'cafe'),
(45.40899, 11.87105, '99296552284', 'Bistro Mexicano', 'Ristorazione', 'restaurant'),
(45.40912, 11.875048, '99415014979', 'Sparkasse Cassa di risparmio', 'Servizi finanziari', 'bank'),
(45.40913, 11.873197, '9954851983 ', 'Ai due Gigli', 'Sanità', 'pharmacy'),
(45.409153, 11.8729725, '99816020884', 'Diego Bar', 'Ristorazione', 'bar'),
(45.409237, 11.868815, '99174959615', 'Frigo Andrea', 'Attività esterne, sport e veicoli', 'bicycle'),
(45.409332, 11.876222, '99665381698', 'Trussardi', 'Abbigliamento, scarpe, accessori', 'clothes'),
(45.40943, 11.869017, '994242558  ', 'Trattoria San Pietro', 'Ristorazione', 'restaurant'),
(45.409435, 11.873015, '99992693923', 'Estetic center Evolution', 'Salute e bellezza', 'beauty'),
(45.409576, 11.871309, '99469111512', 'Ristorante "Antico Brolo"', 'Ristorazione', 'restaurant'),
(45.409878, 11.868843, '99525324256', 'Banca Popolare Volksbank', 'Servizi finanziari', 'bank'),
(45.409924, 11.86878, '99166797172', 'MB', 'Salute e bellezza', 'hairdresser'),
(45.409954, 11.911201, '99909225596', 'Wok Sushi Padova Ristorante', 'Ristorazione', 'restaurant'),
(45.410084, 11.860234, '99845635769', 'Villa Maria', 'Sanità', 'hospital'),
(45.410175, 11.893031, '99805819356', 'Bar tre scalini', 'Ristorazione', 'cafe'),
(45.410244, 11.868733, '99966286836', 'Per Dormire', 'Arredamento e interni', 'bed'),
(45.410294, 11.907196, '9918174299 ', 'Esso Express', 'Trasporti', 'fuel'),
(45.410297, 11.878312, '99601089100', 'Bar "Al Tranquillino"', 'Ristorazione', 'cafe'),
(45.410473, 11.881169, '99280184797', 'Riflessi', 'Abbigliamento, scarpe, accessori', 'jewelry'),
(45.41063, 11.857927, '99881945706', 'Eurospar', 'Negozio generico, grande magazzino, centro commerciale', 'supermarket'),
(45.410774, 11.8761, '99763942845', 'Ottica De Lorenzo', 'Salute e bellezza', 'optician'),
(45.410934, 11.858006, '99153900319', 'Osteria Barabba', 'Ristorazione', 'cafe'),
(45.410954, 11.876192, '99197706989', 'OVS', 'Abbigliamento, scarpe, accessori', 'clothes'),
(45.410988, 11.874954, '99303096440', 'La Coupole', 'Abbigliamento, scarpe, accessori', 'clothes'),
(45.411167, 11.874265, '99421916264', 'Parrucchieri Rossella di Borina Rossella', 'Salute e bellezza', 'hairdresser'),
(45.41127, 11.863611, '9921091328 ', 'S''Aligusta', 'Ristorazione', 'restaurant'),
(45.41137, 11.950008, '99790856656', 'Biosapori', 'Negozio generico, grande magazzino, centro commerciale', 'supermarket'),
(45.41143, 11.863447, '99138915135', 'NaturaSì', 'Negozio generico, grande magazzino, centro commerciale', 'supermarket'),
(45.411484, 11.8457775, '99125395490', 'TotalErg', 'Trasporti', 'fuel'),
(45.41157, 11.866228, '99178190363', '42285', 'Trasporti', 'parking_space'),
(45.4116, 11.87101, '99964428192', 'Cicheto', 'Ristorazione', 'restaurant'),
(45.411602, 11.865589, '99709643921', 'Casetta Giardino Cavalleggeri', 'Intrattenimento, Arte e Cultura', 'events_venue'),
(45.411713, 11.86188, '99856905159', 'Agip', 'Trasporti', 'fuel'),
(45.411873, 11.908177, '99671144372', 'Lama Optical', 'Salute e bellezza', 'optician'),
(45.412014, 11.908236, '99564780877', 'Conad', 'Negozio generico, grande magazzino, centro commerciale', 'supermarket'),
(45.412148, 11.877296, '9922103628 ', 'Deutsche Bank', 'Servizi finanziari', 'bank'),
(45.41402, 11.885174, '99532482650', 'Giudice di Pace', 'Servizi pubblici', 'courthouse'),
(45.415222, 11.87587, '99983439807', 'Cassa di Risparmio del Veneto', 'Servizi finanziari', 'bank'),
(45.41572, 11.9467745, '99591689852', 'Studio dentistico Gobbato e Associati', 'Sanità', 'dentist'),
(45.41617, 11.879253, '99462609956', 'Farmacia De Gaspari', 'Sanità', 'pharmacy'),
(45.41651, 11.8803, '99870810773', 'Techno Star', 'Elettronica', 'electronics'),
(45.416515, 11.933451, '99406435821', 'Sheraton', 'Trasporti', 'taxi'),
(45.416683, 11.874826, '9966113169 ', 'Scuola De Amicis', 'Istruzione', 'school'),
(45.41698, 11.935758, '99779874003', 'Eni', 'Trasporti', 'fuel'),
(45.41703, 11.879213, '99586982309', 'McDonald''s', 'Ristorazione', 'fast_food'),
(45.417255, 11.824314, '99693329927', 'Sun', 'Salute e bellezza', 'beauty'),
(45.417645, 11.879622, '99254563634', 'Despar express', 'Negozio generico, grande magazzino, centro commerciale', 'supermarket'),
(45.418163, 11.82549, '9975526427 ', 'Farmacia Meltias Sanfiori', 'Sanità', 'pharmacy'),
(45.418827, 11.950098, '99220385025', 'Pizzalonga', 'Ristorazione', 'fast_food'),
(45.419025, 11.948498, '99671985598', 'Cafè Collant', 'Abbigliamento, scarpe, accessori', 'clothes'),
(45.420143, 11.879528, '99960123464', 'Chicken Spot', 'Ristorazione', 'restaurant'),
(45.420387, 11.818664, '99548210846', 'Cartidea', 'Cartoleria, regali, libri, giornali', 'stationery'),
(45.420757, 11.881068, '99486888637', 'Despar', 'Negozio generico, grande magazzino, centro commerciale', 'supermarket'),
(45.42087, 11.814342, '99249275648', 'Profumo di Noli', 'Salute e bellezza', 'chemist'),
(45.420963, 11.881383, '99150617755', 'Monte dei Paschi di Siena', 'Servizi finanziari', 'bank'),
(45.42103, 11.817281, '9939772045 ', 'Caffetteria René', 'Ristorazione', 'bar'),
(45.421528, 11.806625, '99756838774', 'Blues Brothers Cafè', 'Ristorazione', 'pub'),
(45.421535, 11.807441, '99131317078', 'Il forno del buon pane', 'Cibo e bevande', 'bakery'),
(45.422127, 11.874804, '99447590824', 'Tamoil', 'Trasporti', 'fuel'),
(45.42303, 11.88346, '9946258178 ', 'Farmacia Arcella', 'Sanità', 'pharmacy'),
(45.42354, 11.883967, '99945324414', 'Vodafone', 'Elettronica', 'mobile_phone'),
(45.42355, 11.94165, '9975687801 ', 'eni', 'Trasporti', 'fuel'),
(45.423607, 11.853232, '99983439807', 'Cassa di Risparmio del Veneto', 'Servizi finanziari', 'bank'),
(45.424007, 11.873694, '99100520246', 'Esso', 'Trasporti', 'fuel'),
(45.42465, 11.947543, '99750317817', 'Scuola secondaria di primo grado "Bruna Carazzolo"', 'Istruzione', 'school'),
(45.42547, 11.946725, '9922585153 ', 'Gelateria Tuttafrutta&Cioccolato', 'Ristorazione', 'ice_cream'),
(45.425526, 11.912908, '992221079  ', 'Vinoteca Foster', 'Ristorazione', 'bar'),
(45.425976, 11.850126, '99352947581', 'Farmacia Miani', 'Sanità', 'pharmacy'),
(45.426575, 11.878352, '99776200935', 'Farmacia Moderna Bartoli', 'Sanità', 'pharmacy'),
(45.428093, 11.937742, '99856905159', 'Agip', 'Trasporti', 'fuel'),
(45.4282, 11.879696, '99119467784', 'Q8', 'Trasporti', 'fuel'),
(45.42899, 11.893906, '99624965835', 'Istituto Comprensivo Donatello', 'Istruzione', 'school'),
(45.430515, 11.896434, '99664394505', 'IP', 'Trasporti', 'fuel'),
(45.43078, 11.878521, '99944408637', 'III istituto comprensivo statale "A. Briosco"', 'Istruzione', 'school'),
(45.431255, 11.863437, '99119467784', 'Q8', 'Trasporti', 'fuel'),
(45.43144, 11.89065, '99127533323', 'Istituto professionale statale Pendola', 'Istruzione', 'school'),
(45.431656, 11.898113, '99119467784', 'Q8', 'Trasporti', 'fuel'),
(45.431877, 11.898636, '99664394505', 'IP', 'Trasporti', 'fuel'),
(45.432114, 11.863199, '99779874003', 'Eni', 'Trasporti', 'fuel'),
(45.433006, 11.898295, '99100520246', 'Esso', 'Trasporti', 'fuel'),
(45.43451, 11.933795, '99473531741', 'Ristorante Da Artemio', 'Ristorazione', 'restaurant'),
(45.43496, 11.891185, '99100520246', 'Esso', 'Trasporti', 'fuel'),
(45.43561, 11.869923, '99404932048', 'Sacro Cuore', 'Trasporti', 'taxi'),
(45.436703, 11.845279, '99894037066', 'Oasi della meraviglia', 'Intrattenimento, Arte e Cultura', 'theatre'),
(45.440346, 11.937797, '99551952109', 'Repsol', 'Trasporti', 'fuel'),
(45.441807, 11.891071, '99553670329', 'ArtCafè', 'Ristorazione', 'cafe'),
(45.44223, 11.89129, '9913696190 ', 'N333', 'Trasporti', 'parking_space'),
(45.44229, 11.891362, '99723553401', 'N300', 'Trasporti', 'parking_space'),
(45.442303, 11.890908, '99747912628', 'N314', 'Trasporti', 'parking_space'),
(45.442387, 11.891311, '99616518494', 'N289', 'Trasporti', 'parking_space'),
(45.442387, 11.89144, '99850013830', 'N293', 'Trasporti', 'parking_space'),
(45.44245, 11.891119, '99157848788', 'N264', 'Trasporti', 'parking_space'),
(45.443825, 11.89329, '99100520246', 'Esso', 'Trasporti', 'fuel'),
(45.445152, 11.817615, '99581064880', 'Farmacia S. Prosdocimo', 'Sanità', 'pharmacy'),
(45.447674, 11.894278, '99261619097', 'Pasticceria Gelateria Fontana', 'Ristorazione', 'cafe'),
(45.447853, 11.845228, '99205876876', 'Ip', 'Trasporti', 'fuel'),
(45.44803, 11.912086, '99495150699', 'Polizia Locale', 'Servizi pubblici', 'police'),
(45.449547, 11.896874, '99115105791', 'Osteria Bar La Castagnara', 'Ristorazione', 'restaurant');

INSERT INTO "poi_hours" ("latitude_poi", "longitude_poi", "day_of_week", "open_at", "close_at") VALUES
(45.36529, 11.910126, 1, '08:00:00+01', '19:00:00+01'),
(45.36529, 11.910126, 2, '08:00:00+01', '19:00:00+01'),
(45.36529, 11.910126, 3, '08:00:00+01', '19:00:00+01'),
(45.36529, 11.910126, 4, '08:00:00+01', '19:00:00+01'),
(45.36529, 11.910126, 5, '08:00:00+01', '19:00:00+01'),
(45.36697, 11.826941, 1, '08:00:00+01', '19:00:00+01'),
(45.36697, 11.826941, 2, '08:00:00+01', '19:00:00+01'),
(45.36697, 11.826941, 3, '08:00:00+01', '19:00:00+01'),
(45.36697, 11.826941, 4, '08:00:00+01', '19:00:00+01'),
(45.36697, 11.826941, 5, '08:00:00+01', '19:00:00+01'),
(45.36738, 11.872089, 1, '08:00:00+01', '19:00:00+01'),
(45.36738, 11.872089, 2, '08:00:00+01', '19:00:00+01'),
(45.36738, 11.872089, 3, '08:00:00+01', '19:00:00+01'),
(45.36738, 11.872089, 4, '08:00:00+01', '19:00:00+01'),
(45.36738, 11.872089, 5, '08:00:00+01', '19:00:00+01'),
(45.367783, 11.873585, 1, '08:00:00+01', '19:00:00+01'),
(45.367783, 11.873585, 2, '08:00:00+01', '19:00:00+01'),
(45.367783, 11.873585, 3, '08:00:00+01', '19:00:00+01'),
(45.367783, 11.873585, 4, '08:00:00+01', '19:00:00+01'),
(45.367783, 11.873585, 5, '08:00:00+01', '19:00:00+01'),
(45.36968, 11.922213, 1, '08:00:00+01', '19:00:00+01'),
(45.36968, 11.922213, 2, '08:00:00+01', '19:00:00+01'),
(45.36968, 11.922213, 3, '08:00:00+01', '19:00:00+01'),
(45.36968, 11.922213, 4, '08:00:00+01', '19:00:00+01'),
(45.36968, 11.922213, 5, '08:00:00+01', '19:00:00+01'),
(45.370186, 11.898086, 1, '08:00:00+01', '19:00:00+01'),
(45.370186, 11.898086, 2, '08:00:00+01', '19:00:00+01'),
(45.370186, 11.898086, 3, '08:00:00+01', '19:00:00+01'),
(45.370186, 11.898086, 4, '08:00:00+01', '19:00:00+01'),
(45.370186, 11.898086, 5, '08:00:00+01', '19:00:00+01'),
(45.3724, 11.915791, 1, '08:00:00+01', '19:00:00+01'),
(45.3724, 11.915791, 2, '08:00:00+01', '19:00:00+01'),
(45.3724, 11.915791, 3, '08:00:00+01', '19:00:00+01'),
(45.3724, 11.915791, 4, '08:00:00+01', '19:00:00+01'),
(45.3724, 11.915791, 5, '08:00:00+01', '19:00:00+01'),
(45.372746, 11.847712, 1, '08:00:00+01', '19:00:00+01'),
(45.372746, 11.847712, 2, '08:00:00+01', '19:00:00+01'),
(45.372746, 11.847712, 3, '08:00:00+01', '19:00:00+01'),
(45.372746, 11.847712, 4, '08:00:00+01', '19:00:00+01'),
(45.372746, 11.847712, 5, '08:00:00+01', '19:00:00+01'),
(45.372982, 11.84798, 1, '08:00:00+01', '19:00:00+01'),
(45.372982, 11.84798, 2, '08:00:00+01', '19:00:00+01'),
(45.372982, 11.84798, 3, '08:00:00+01', '19:00:00+01'),
(45.372982, 11.84798, 4, '08:00:00+01', '19:00:00+01'),
(45.372982, 11.84798, 5, '08:00:00+01', '19:00:00+01'),
(45.373814, 11.854237, 1, '08:00:00+01', '19:00:00+01'),
(45.373814, 11.854237, 2, '08:00:00+01', '19:00:00+01'),
(45.373814, 11.854237, 3, '08:00:00+01', '19:00:00+01'),
(45.373814, 11.854237, 4, '08:00:00+01', '19:00:00+01'),
(45.373814, 11.854237, 5, '08:00:00+01', '19:00:00+01'),
(45.37425, 11.911337, 1, '08:00:00+01', '19:00:00+01'),
(45.37425, 11.911337, 2, '08:00:00+01', '19:00:00+01'),
(45.37425, 11.911337, 3, '08:00:00+01', '19:00:00+01'),
(45.37425, 11.911337, 4, '08:00:00+01', '19:00:00+01'),
(45.37425, 11.911337, 5, '08:00:00+01', '19:00:00+01'),
(45.3765, 11.906093, 1, '08:00:00+01', '19:00:00+01'),
(45.3765, 11.906093, 2, '08:00:00+01', '19:00:00+01'),
(45.3765, 11.906093, 3, '08:00:00+01', '19:00:00+01'),
(45.3765, 11.906093, 4, '08:00:00+01', '19:00:00+01'),
(45.3765, 11.906093, 5, '08:00:00+01', '19:00:00+01'),
(45.377945, 11.89113, 1, '08:00:00+01', '19:00:00+01'),
(45.377945, 11.89113, 2, '08:00:00+01', '19:00:00+01'),
(45.377945, 11.89113, 3, '08:00:00+01', '19:00:00+01'),
(45.377945, 11.89113, 4, '08:00:00+01', '19:00:00+01'),
(45.377945, 11.89113, 5, '08:00:00+01', '19:00:00+01'),
(45.37796, 11.913168, 1, '08:00:00+01', '19:00:00+01'),
(45.37796, 11.913168, 2, '08:00:00+01', '19:00:00+01'),
(45.37796, 11.913168, 3, '08:00:00+01', '19:00:00+01'),
(45.37796, 11.913168, 4, '08:00:00+01', '19:00:00+01'),
(45.37796, 11.913168, 5, '08:00:00+01', '19:00:00+01'),
(45.378, 11.840353, 1, '08:00:00+01', '19:00:00+01'),
(45.378, 11.840353, 2, '08:00:00+01', '19:00:00+01'),
(45.378, 11.840353, 3, '08:00:00+01', '19:00:00+01'),
(45.378, 11.840353, 4, '08:00:00+01', '19:00:00+01'),
(45.378, 11.840353, 5, '08:00:00+01', '19:00:00+01'),
(45.37843, 11.903843, 1, '08:00:00+01', '19:00:00+01'),
(45.37843, 11.903843, 2, '08:00:00+01', '19:00:00+01'),
(45.37843, 11.903843, 3, '08:00:00+01', '19:00:00+01'),
(45.37843, 11.903843, 4, '08:00:00+01', '19:00:00+01'),
(45.37843, 11.903843, 5, '08:00:00+01', '19:00:00+01'),
(45.37875, 11.8702755, 1, '08:00:00+01', '19:00:00+01'),
(45.37875, 11.8702755, 2, '08:00:00+01', '19:00:00+01'),
(45.37875, 11.8702755, 3, '08:00:00+01', '19:00:00+01'),
(45.37875, 11.8702755, 4, '08:00:00+01', '19:00:00+01'),
(45.37875, 11.8702755, 5, '08:00:00+01', '19:00:00+01'),
(45.3788, 11.9035635, 1, '08:00:00+01', '19:00:00+01'),
(45.3788, 11.9035635, 2, '08:00:00+01', '19:00:00+01'),
(45.3788, 11.9035635, 3, '08:00:00+01', '19:00:00+01'),
(45.3788, 11.9035635, 4, '08:00:00+01', '19:00:00+01'),
(45.3788, 11.9035635, 5, '08:00:00+01', '19:00:00+01'),
(45.38027, 11.90227, 1, '08:00:00+01', '19:00:00+01'),
(45.38027, 11.90227, 2, '08:00:00+01', '19:00:00+01'),
(45.38027, 11.90227, 3, '08:00:00+01', '19:00:00+01'),
(45.38027, 11.90227, 4, '08:00:00+01', '19:00:00+01'),
(45.38027, 11.90227, 5, '08:00:00+01', '19:00:00+01'),
(45.38034, 11.855609, 1, '08:00:00+01', '19:00:00+01'),
(45.38034, 11.855609, 2, '08:00:00+01', '19:00:00+01'),
(45.38034, 11.855609, 3, '08:00:00+01', '19:00:00+01'),
(45.38034, 11.855609, 4, '08:00:00+01', '19:00:00+01'),
(45.38034, 11.855609, 5, '08:00:00+01', '19:00:00+01'),
(45.381184, 11.901479, 1, '08:00:00+01', '19:00:00+01'),
(45.381184, 11.901479, 2, '08:00:00+01', '19:00:00+01'),
(45.381184, 11.901479, 3, '08:00:00+01', '19:00:00+01'),
(45.381184, 11.901479, 4, '08:00:00+01', '19:00:00+01'),
(45.381184, 11.901479, 5, '08:00:00+01', '19:00:00+01'),
(45.385674, 11.904554, 1, '08:00:00+01', '19:00:00+01'),
(45.385674, 11.904554, 2, '08:00:00+01', '19:00:00+01'),
(45.385674, 11.904554, 3, '08:00:00+01', '19:00:00+01'),
(45.385674, 11.904554, 4, '08:00:00+01', '19:00:00+01'),
(45.385674, 11.904554, 5, '08:00:00+01', '19:00:00+01'),
(45.38603, 11.897492, 1, '08:00:00+01', '19:00:00+01'),
(45.38603, 11.897492, 2, '08:00:00+01', '19:00:00+01'),
(45.38603, 11.897492, 3, '08:00:00+01', '19:00:00+01'),
(45.38603, 11.897492, 4, '08:00:00+01', '19:00:00+01'),
(45.38603, 11.897492, 5, '08:00:00+01', '19:00:00+01'),
(45.387157, 11.864005, 1, '08:00:00+01', '19:00:00+01'),
(45.387157, 11.864005, 2, '08:00:00+01', '19:00:00+01'),
(45.387157, 11.864005, 3, '08:00:00+01', '19:00:00+01'),
(45.387157, 11.864005, 4, '08:00:00+01', '19:00:00+01'),
(45.387157, 11.864005, 5, '08:00:00+01', '19:00:00+01'),
(45.3885, 11.880665, 1, '08:00:00+01', '19:00:00+01'),
(45.3885, 11.880665, 2, '08:00:00+01', '19:00:00+01'),
(45.3885, 11.880665, 3, '08:00:00+01', '19:00:00+01'),
(45.3885, 11.880665, 4, '08:00:00+01', '19:00:00+01'),
(45.3885, 11.880665, 5, '08:00:00+01', '19:00:00+01'),
(45.388676, 11.880538, 1, '08:00:00+01', '19:00:00+01'),
(45.388676, 11.880538, 2, '08:00:00+01', '19:00:00+01'),
(45.388676, 11.880538, 3, '08:00:00+01', '19:00:00+01'),
(45.388676, 11.880538, 4, '08:00:00+01', '19:00:00+01'),
(45.388676, 11.880538, 5, '08:00:00+01', '19:00:00+01'),
(45.389534, 11.880239, 1, '08:00:00+01', '19:00:00+01'),
(45.389534, 11.880239, 2, '08:00:00+01', '19:00:00+01'),
(45.389534, 11.880239, 3, '08:00:00+01', '19:00:00+01'),
(45.389534, 11.880239, 4, '08:00:00+01', '19:00:00+01'),
(45.389534, 11.880239, 5, '08:00:00+01', '19:00:00+01'),
(45.389965, 11.87102, 1, '08:00:00+01', '19:00:00+01'),
(45.389965, 11.87102, 2, '08:00:00+01', '19:00:00+01'),
(45.389965, 11.87102, 3, '08:00:00+01', '19:00:00+01'),
(45.389965, 11.87102, 4, '08:00:00+01', '19:00:00+01'),
(45.389965, 11.87102, 5, '08:00:00+01', '19:00:00+01'),
(45.390038, 11.879546, 1, '08:00:00+01', '19:00:00+01'),
(45.390038, 11.879546, 2, '08:00:00+01', '19:00:00+01'),
(45.390038, 11.879546, 3, '08:00:00+01', '19:00:00+01'),
(45.390038, 11.879546, 4, '08:00:00+01', '19:00:00+01'),
(45.390038, 11.879546, 5, '08:00:00+01', '19:00:00+01'),
(45.39093, 11.870599, 1, '08:00:00+01', '19:00:00+01'),
(45.39093, 11.870599, 2, '08:00:00+01', '19:00:00+01'),
(45.39093, 11.870599, 3, '08:00:00+01', '19:00:00+01'),
(45.39093, 11.870599, 4, '08:00:00+01', '19:00:00+01'),
(45.39093, 11.870599, 5, '08:00:00+01', '19:00:00+01'),
(45.391365, 11.892378, 1, '08:00:00+01', '19:00:00+01'),
(45.391365, 11.892378, 2, '08:00:00+01', '19:00:00+01'),
(45.391365, 11.892378, 3, '08:00:00+01', '19:00:00+01'),
(45.391365, 11.892378, 4, '08:00:00+01', '19:00:00+01'),
(45.391365, 11.892378, 5, '08:00:00+01', '19:00:00+01'),
(45.391853, 11.813912, 1, '08:00:00+01', '19:00:00+01'),
(45.391853, 11.813912, 2, '08:00:00+01', '19:00:00+01'),
(45.391853, 11.813912, 3, '08:00:00+01', '19:00:00+01'),
(45.391853, 11.813912, 4, '08:00:00+01', '19:00:00+01'),
(45.391853, 11.813912, 5, '08:00:00+01', '19:00:00+01'),
(45.393795, 11.881362, 1, '08:00:00+01', '19:00:00+01'),
(45.393795, 11.881362, 2, '08:00:00+01', '19:00:00+01'),
(45.393795, 11.881362, 3, '08:00:00+01', '19:00:00+01'),
(45.393795, 11.881362, 4, '08:00:00+01', '19:00:00+01'),
(45.393795, 11.881362, 5, '08:00:00+01', '19:00:00+01'),
(45.393875, 11.938522, 1, '08:00:00+01', '19:00:00+01'),
(45.393875, 11.938522, 2, '08:00:00+01', '19:00:00+01'),
(45.393875, 11.938522, 3, '08:00:00+01', '19:00:00+01'),
(45.393875, 11.938522, 4, '08:00:00+01', '19:00:00+01'),
(45.393875, 11.938522, 5, '08:00:00+01', '19:00:00+01'),
(45.394497, 11.86547, 1, '08:00:00+01', '19:00:00+01'),
(45.394497, 11.86547, 2, '08:00:00+01', '19:00:00+01'),
(45.394497, 11.86547, 3, '08:00:00+01', '19:00:00+01'),
(45.394497, 11.86547, 4, '08:00:00+01', '19:00:00+01'),
(45.394497, 11.86547, 5, '08:00:00+01', '19:00:00+01'),
(45.394745, 11.86234, 1, '08:00:00+01', '19:00:00+01'),
(45.394745, 11.86234, 2, '08:00:00+01', '19:00:00+01'),
(45.394745, 11.86234, 3, '08:00:00+01', '19:00:00+01'),
(45.394745, 11.86234, 4, '08:00:00+01', '19:00:00+01'),
(45.394745, 11.86234, 5, '08:00:00+01', '19:00:00+01'),
(45.396347, 11.888076, 1, '08:00:00+01', '19:00:00+01'),
(45.396347, 11.888076, 2, '08:00:00+01', '19:00:00+01'),
(45.396347, 11.888076, 3, '08:00:00+01', '19:00:00+01'),
(45.396347, 11.888076, 4, '08:00:00+01', '19:00:00+01'),
(45.396347, 11.888076, 5, '08:00:00+01', '19:00:00+01'),
(45.396427, 11.880735, 1, '08:00:00+01', '19:00:00+01'),
(45.396427, 11.880735, 2, '08:00:00+01', '19:00:00+01'),
(45.396427, 11.880735, 3, '08:00:00+01', '19:00:00+01'),
(45.396427, 11.880735, 4, '08:00:00+01', '19:00:00+01'),
(45.396427, 11.880735, 5, '08:00:00+01', '19:00:00+01'),
(45.396664, 11.838052, 1, '08:00:00+01', '19:00:00+01'),
(45.396664, 11.838052, 2, '08:00:00+01', '19:00:00+01'),
(45.396664, 11.838052, 3, '08:00:00+01', '19:00:00+01'),
(45.396664, 11.838052, 4, '08:00:00+01', '19:00:00+01'),
(45.396664, 11.838052, 5, '08:00:00+01', '19:00:00+01'),
(45.396732, 11.880253, 1, '08:00:00+01', '19:00:00+01'),
(45.396732, 11.880253, 2, '08:00:00+01', '19:00:00+01'),
(45.396732, 11.880253, 3, '08:00:00+01', '19:00:00+01'),
(45.396732, 11.880253, 4, '08:00:00+01', '19:00:00+01'),
(45.396732, 11.880253, 5, '08:00:00+01', '19:00:00+01'),
(45.396862, 11.944595, 1, '08:00:00+01', '19:00:00+01'),
(45.396862, 11.944595, 2, '08:00:00+01', '19:00:00+01'),
(45.396862, 11.944595, 3, '08:00:00+01', '19:00:00+01'),
(45.396862, 11.944595, 4, '08:00:00+01', '19:00:00+01'),
(45.396862, 11.944595, 5, '08:00:00+01', '19:00:00+01'),
(45.397152, 11.899335, 1, '08:00:00+01', '19:00:00+01'),
(45.397152, 11.899335, 2, '08:00:00+01', '19:00:00+01'),
(45.397152, 11.899335, 3, '08:00:00+01', '19:00:00+01'),
(45.397152, 11.899335, 4, '08:00:00+01', '19:00:00+01'),
(45.397152, 11.899335, 5, '08:00:00+01', '19:00:00+01'),
(45.39716, 11.834765, 1, '08:00:00+01', '19:00:00+01'),
(45.39716, 11.834765, 2, '08:00:00+01', '19:00:00+01'),
(45.39716, 11.834765, 3, '08:00:00+01', '19:00:00+01'),
(45.39716, 11.834765, 4, '08:00:00+01', '19:00:00+01'),
(45.39716, 11.834765, 5, '08:00:00+01', '19:00:00+01'),
(45.399666, 11.877974, 1, '08:00:00+01', '19:00:00+01'),
(45.399666, 11.877974, 2, '08:00:00+01', '19:00:00+01'),
(45.399666, 11.877974, 3, '08:00:00+01', '19:00:00+01'),
(45.399666, 11.877974, 4, '08:00:00+01', '19:00:00+01'),
(45.399666, 11.877974, 5, '08:00:00+01', '19:00:00+01'),
(45.39998, 11.89411, 1, '08:00:00+01', '19:00:00+01'),
(45.39998, 11.89411, 2, '08:00:00+01', '19:00:00+01'),
(45.39998, 11.89411, 3, '08:00:00+01', '19:00:00+01'),
(45.39998, 11.89411, 4, '08:00:00+01', '19:00:00+01'),
(45.39998, 11.89411, 5, '08:00:00+01', '19:00:00+01'),
(45.400753, 11.888564, 1, '08:00:00+01', '19:00:00+01'),
(45.400753, 11.888564, 2, '08:00:00+01', '19:00:00+01'),
(45.400753, 11.888564, 3, '08:00:00+01', '19:00:00+01'),
(45.400753, 11.888564, 4, '08:00:00+01', '19:00:00+01'),
(45.400753, 11.888564, 5, '08:00:00+01', '19:00:00+01'),
(45.400806, 11.879658, 1, '08:00:00+01', '19:00:00+01'),
(45.400806, 11.879658, 2, '08:00:00+01', '19:00:00+01'),
(45.400806, 11.879658, 3, '08:00:00+01', '19:00:00+01'),
(45.400806, 11.879658, 4, '08:00:00+01', '19:00:00+01'),
(45.400806, 11.879658, 5, '08:00:00+01', '19:00:00+01'),
(45.401062, 11.9430685, 1, '08:00:00+01', '19:00:00+01'),
(45.401062, 11.9430685, 2, '08:00:00+01', '19:00:00+01'),
(45.401062, 11.9430685, 3, '08:00:00+01', '19:00:00+01'),
(45.401062, 11.9430685, 4, '08:00:00+01', '19:00:00+01'),
(45.401062, 11.9430685, 5, '08:00:00+01', '19:00:00+01'),
(45.40117, 11.943538, 1, '08:00:00+01', '19:00:00+01'),
(45.40117, 11.943538, 2, '08:00:00+01', '19:00:00+01'),
(45.40117, 11.943538, 3, '08:00:00+01', '19:00:00+01'),
(45.40117, 11.943538, 4, '08:00:00+01', '19:00:00+01'),
(45.40117, 11.943538, 5, '08:00:00+01', '19:00:00+01'),
(45.40121, 11.944789, 1, '08:00:00+01', '19:00:00+01'),
(45.40121, 11.944789, 2, '08:00:00+01', '19:00:00+01'),
(45.40121, 11.944789, 3, '08:00:00+01', '19:00:00+01'),
(45.40121, 11.944789, 4, '08:00:00+01', '19:00:00+01'),
(45.40121, 11.944789, 5, '08:00:00+01', '19:00:00+01'),
(45.401276, 11.875872, 1, '08:00:00+01', '19:00:00+01'),
(45.401276, 11.875872, 2, '08:00:00+01', '19:00:00+01'),
(45.401276, 11.875872, 3, '08:00:00+01', '19:00:00+01'),
(45.401276, 11.875872, 4, '08:00:00+01', '19:00:00+01'),
(45.401276, 11.875872, 5, '08:00:00+01', '19:00:00+01'),
(45.40128, 11.87568, 1, '08:00:00+01', '19:00:00+01'),
(45.40128, 11.87568, 2, '08:00:00+01', '19:00:00+01'),
(45.40128, 11.87568, 3, '08:00:00+01', '19:00:00+01'),
(45.40128, 11.87568, 4, '08:00:00+01', '19:00:00+01'),
(45.40128, 11.87568, 5, '08:00:00+01', '19:00:00+01'),
(45.401527, 11.884006, 1, '08:00:00+01', '19:00:00+01'),
(45.401527, 11.884006, 2, '08:00:00+01', '19:00:00+01'),
(45.401527, 11.884006, 3, '08:00:00+01', '19:00:00+01'),
(45.401527, 11.884006, 4, '08:00:00+01', '19:00:00+01'),
(45.401527, 11.884006, 5, '08:00:00+01', '19:00:00+01'),
(45.40197, 11.879679, 1, '08:00:00+01', '19:00:00+01'),
(45.40197, 11.879679, 2, '08:00:00+01', '19:00:00+01'),
(45.40197, 11.879679, 3, '08:00:00+01', '19:00:00+01'),
(45.40197, 11.879679, 4, '08:00:00+01', '19:00:00+01'),
(45.40197, 11.879679, 5, '08:00:00+01', '19:00:00+01'),
(45.401978, 11.858786, 1, '08:00:00+01', '19:00:00+01'),
(45.401978, 11.858786, 2, '08:00:00+01', '19:00:00+01'),
(45.401978, 11.858786, 3, '08:00:00+01', '19:00:00+01'),
(45.401978, 11.858786, 4, '08:00:00+01', '19:00:00+01'),
(45.401978, 11.858786, 5, '08:00:00+01', '19:00:00+01'),
(45.40222, 11.882052, 1, '08:00:00+01', '19:00:00+01'),
(45.40222, 11.882052, 2, '08:00:00+01', '19:00:00+01'),
(45.40222, 11.882052, 3, '08:00:00+01', '19:00:00+01'),
(45.40222, 11.882052, 4, '08:00:00+01', '19:00:00+01'),
(45.40222, 11.882052, 5, '08:00:00+01', '19:00:00+01'),
(45.403027, 11.912572, 1, '08:00:00+01', '19:00:00+01'),
(45.403027, 11.912572, 2, '08:00:00+01', '19:00:00+01'),
(45.403027, 11.912572, 3, '08:00:00+01', '19:00:00+01'),
(45.403027, 11.912572, 4, '08:00:00+01', '19:00:00+01'),
(45.403027, 11.912572, 5, '08:00:00+01', '19:00:00+01'),
(45.40306, 11.875501, 1, '08:00:00+01', '19:00:00+01'),
(45.40306, 11.875501, 2, '08:00:00+01', '19:00:00+01'),
(45.40306, 11.875501, 3, '08:00:00+01', '19:00:00+01'),
(45.40306, 11.875501, 4, '08:00:00+01', '19:00:00+01'),
(45.40306, 11.875501, 5, '08:00:00+01', '19:00:00+01'),
(45.40325, 11.879037, 1, '08:00:00+01', '19:00:00+01'),
(45.40325, 11.879037, 2, '08:00:00+01', '19:00:00+01'),
(45.40325, 11.879037, 3, '08:00:00+01', '19:00:00+01'),
(45.40325, 11.879037, 4, '08:00:00+01', '19:00:00+01'),
(45.40325, 11.879037, 5, '08:00:00+01', '19:00:00+01'),
(45.403305, 11.861377, 1, '08:00:00+01', '19:00:00+01'),
(45.403305, 11.861377, 2, '08:00:00+01', '19:00:00+01'),
(45.403305, 11.861377, 3, '08:00:00+01', '19:00:00+01'),
(45.403305, 11.861377, 4, '08:00:00+01', '19:00:00+01'),
(45.403305, 11.861377, 5, '08:00:00+01', '19:00:00+01'),
(45.403378, 11.875663, 1, '08:00:00+01', '19:00:00+01'),
(45.403378, 11.875663, 2, '08:00:00+01', '19:00:00+01'),
(45.403378, 11.875663, 3, '08:00:00+01', '19:00:00+01'),
(45.403378, 11.875663, 4, '08:00:00+01', '19:00:00+01'),
(45.403378, 11.875663, 5, '08:00:00+01', '19:00:00+01'),
(45.403572, 11.863008, 1, '08:00:00+01', '19:00:00+01'),
(45.403572, 11.863008, 2, '08:00:00+01', '19:00:00+01'),
(45.403572, 11.863008, 3, '08:00:00+01', '19:00:00+01'),
(45.403572, 11.863008, 4, '08:00:00+01', '19:00:00+01'),
(45.403572, 11.863008, 5, '08:00:00+01', '19:00:00+01'),
(45.40458, 11.854709, 1, '08:00:00+01', '19:00:00+01'),
(45.40458, 11.854709, 2, '08:00:00+01', '19:00:00+01'),
(45.40458, 11.854709, 3, '08:00:00+01', '19:00:00+01'),
(45.40458, 11.854709, 4, '08:00:00+01', '19:00:00+01'),
(45.40458, 11.854709, 5, '08:00:00+01', '19:00:00+01'),
(45.404743, 11.93743, 1, '08:00:00+01', '19:00:00+01'),
(45.404743, 11.93743, 2, '08:00:00+01', '19:00:00+01'),
(45.404743, 11.93743, 3, '08:00:00+01', '19:00:00+01'),
(45.404743, 11.93743, 4, '08:00:00+01', '19:00:00+01'),
(45.404743, 11.93743, 5, '08:00:00+01', '19:00:00+01'),
(45.40477, 11.889235, 1, '08:00:00+01', '19:00:00+01'),
(45.40477, 11.889235, 2, '08:00:00+01', '19:00:00+01'),
(45.40477, 11.889235, 3, '08:00:00+01', '19:00:00+01'),
(45.40477, 11.889235, 4, '08:00:00+01', '19:00:00+01'),
(45.40477, 11.889235, 5, '08:00:00+01', '19:00:00+01'),
(45.405144, 11.872472, 1, '08:00:00+01', '19:00:00+01'),
(45.405144, 11.872472, 2, '08:00:00+01', '19:00:00+01'),
(45.405144, 11.872472, 3, '08:00:00+01', '19:00:00+01'),
(45.405144, 11.872472, 4, '08:00:00+01', '19:00:00+01'),
(45.405144, 11.872472, 5, '08:00:00+01', '19:00:00+01'),
(45.405518, 11.867749, 1, '08:00:00+01', '19:00:00+01'),
(45.405518, 11.867749, 2, '08:00:00+01', '19:00:00+01'),
(45.405518, 11.867749, 3, '08:00:00+01', '19:00:00+01'),
(45.405518, 11.867749, 4, '08:00:00+01', '19:00:00+01'),
(45.405518, 11.867749, 5, '08:00:00+01', '19:00:00+01'),
(45.40563, 11.869275, 1, '08:00:00+01', '19:00:00+01'),
(45.40563, 11.869275, 2, '08:00:00+01', '19:00:00+01'),
(45.40563, 11.869275, 3, '08:00:00+01', '19:00:00+01'),
(45.40563, 11.869275, 4, '08:00:00+01', '19:00:00+01'),
(45.40563, 11.869275, 5, '08:00:00+01', '19:00:00+01'),
(45.405823, 11.872164, 1, '08:00:00+01', '19:00:00+01'),
(45.405823, 11.872164, 2, '08:00:00+01', '19:00:00+01'),
(45.405823, 11.872164, 3, '08:00:00+01', '19:00:00+01'),
(45.405823, 11.872164, 4, '08:00:00+01', '19:00:00+01'),
(45.405823, 11.872164, 5, '08:00:00+01', '19:00:00+01'),
(45.405884, 11.878947, 1, '08:00:00+01', '19:00:00+01'),
(45.405884, 11.878947, 2, '08:00:00+01', '19:00:00+01'),
(45.405884, 11.878947, 3, '08:00:00+01', '19:00:00+01'),
(45.405884, 11.878947, 4, '08:00:00+01', '19:00:00+01'),
(45.405884, 11.878947, 5, '08:00:00+01', '19:00:00+01'),
(45.40594, 11.881562, 1, '08:00:00+01', '19:00:00+01'),
(45.40594, 11.881562, 2, '08:00:00+01', '19:00:00+01'),
(45.40594, 11.881562, 3, '08:00:00+01', '19:00:00+01'),
(45.40594, 11.881562, 4, '08:00:00+01', '19:00:00+01'),
(45.40594, 11.881562, 5, '08:00:00+01', '19:00:00+01'),
(45.405952, 11.872877, 1, '08:00:00+01', '19:00:00+01'),
(45.405952, 11.872877, 2, '08:00:00+01', '19:00:00+01'),
(45.405952, 11.872877, 3, '08:00:00+01', '19:00:00+01'),
(45.405952, 11.872877, 4, '08:00:00+01', '19:00:00+01'),
(45.405952, 11.872877, 5, '08:00:00+01', '19:00:00+01'),
(45.40596, 11.872583, 1, '08:00:00+01', '19:00:00+01'),
(45.40596, 11.872583, 2, '08:00:00+01', '19:00:00+01'),
(45.40596, 11.872583, 3, '08:00:00+01', '19:00:00+01'),
(45.40596, 11.872583, 4, '08:00:00+01', '19:00:00+01'),
(45.40596, 11.872583, 5, '08:00:00+01', '19:00:00+01'),
(45.406143, 11.8749895, 1, '08:00:00+01', '19:00:00+01'),
(45.406143, 11.8749895, 2, '08:00:00+01', '19:00:00+01'),
(45.406143, 11.8749895, 3, '08:00:00+01', '19:00:00+01'),
(45.406143, 11.8749895, 4, '08:00:00+01', '19:00:00+01'),
(45.406143, 11.8749895, 5, '08:00:00+01', '19:00:00+01'),
(45.406307, 11.879055, 1, '08:00:00+01', '19:00:00+01'),
(45.406307, 11.879055, 2, '08:00:00+01', '19:00:00+01'),
(45.406307, 11.879055, 3, '08:00:00+01', '19:00:00+01'),
(45.406307, 11.879055, 4, '08:00:00+01', '19:00:00+01'),
(45.406307, 11.879055, 5, '08:00:00+01', '19:00:00+01'),
(45.406506, 11.876162, 1, '08:00:00+01', '19:00:00+01'),
(45.406506, 11.876162, 2, '08:00:00+01', '19:00:00+01'),
(45.406506, 11.876162, 3, '08:00:00+01', '19:00:00+01'),
(45.406506, 11.876162, 4, '08:00:00+01', '19:00:00+01'),
(45.406506, 11.876162, 5, '08:00:00+01', '19:00:00+01'),
(45.406555, 11.876024, 1, '08:00:00+01', '19:00:00+01'),
(45.406555, 11.876024, 2, '08:00:00+01', '19:00:00+01'),
(45.406555, 11.876024, 3, '08:00:00+01', '19:00:00+01'),
(45.406555, 11.876024, 4, '08:00:00+01', '19:00:00+01'),
(45.406555, 11.876024, 5, '08:00:00+01', '19:00:00+01'),
(45.406578, 11.875839, 1, '08:00:00+01', '19:00:00+01'),
(45.406578, 11.875839, 2, '08:00:00+01', '19:00:00+01'),
(45.406578, 11.875839, 3, '08:00:00+01', '19:00:00+01'),
(45.406578, 11.875839, 4, '08:00:00+01', '19:00:00+01'),
(45.406578, 11.875839, 5, '08:00:00+01', '19:00:00+01'),
(45.406986, 11.873727, 1, '08:00:00+01', '19:00:00+01'),
(45.406986, 11.873727, 2, '08:00:00+01', '19:00:00+01'),
(45.406986, 11.873727, 3, '08:00:00+01', '19:00:00+01'),
(45.406986, 11.873727, 4, '08:00:00+01', '19:00:00+01'),
(45.406986, 11.873727, 5, '08:00:00+01', '19:00:00+01'),
(45.406998, 11.892366, 1, '08:00:00+01', '19:00:00+01'),
(45.406998, 11.892366, 2, '08:00:00+01', '19:00:00+01'),
(45.406998, 11.892366, 3, '08:00:00+01', '19:00:00+01'),
(45.406998, 11.892366, 4, '08:00:00+01', '19:00:00+01'),
(45.406998, 11.892366, 5, '08:00:00+01', '19:00:00+01'),
(45.407055, 11.872863, 1, '08:00:00+01', '19:00:00+01'),
(45.407055, 11.872863, 2, '08:00:00+01', '19:00:00+01'),
(45.407055, 11.872863, 3, '08:00:00+01', '19:00:00+01'),
(45.407055, 11.872863, 4, '08:00:00+01', '19:00:00+01'),
(45.407055, 11.872863, 5, '08:00:00+01', '19:00:00+01'),
(45.407063, 11.880517, 1, '08:00:00+01', '19:00:00+01'),
(45.407063, 11.880517, 2, '08:00:00+01', '19:00:00+01'),
(45.407063, 11.880517, 3, '08:00:00+01', '19:00:00+01'),
(45.407063, 11.880517, 4, '08:00:00+01', '19:00:00+01'),
(45.407063, 11.880517, 5, '08:00:00+01', '19:00:00+01'),
(45.407124, 11.85683, 1, '08:00:00+01', '19:00:00+01'),
(45.407124, 11.85683, 2, '08:00:00+01', '19:00:00+01'),
(45.407124, 11.85683, 3, '08:00:00+01', '19:00:00+01'),
(45.407124, 11.85683, 4, '08:00:00+01', '19:00:00+01'),
(45.407124, 11.85683, 5, '08:00:00+01', '19:00:00+01'),
(45.407158, 11.857855, 1, '08:00:00+01', '19:00:00+01'),
(45.407158, 11.857855, 2, '08:00:00+01', '19:00:00+01'),
(45.407158, 11.857855, 3, '08:00:00+01', '19:00:00+01'),
(45.407158, 11.857855, 4, '08:00:00+01', '19:00:00+01'),
(45.407158, 11.857855, 5, '08:00:00+01', '19:00:00+01'),
(45.40733, 11.874783, 1, '08:00:00+01', '19:00:00+01'),
(45.40733, 11.874783, 2, '08:00:00+01', '19:00:00+01'),
(45.40733, 11.874783, 3, '08:00:00+01', '19:00:00+01'),
(45.40733, 11.874783, 4, '08:00:00+01', '19:00:00+01'),
(45.40733, 11.874783, 5, '08:00:00+01', '19:00:00+01'),
(45.40743, 11.8768635, 1, '08:00:00+01', '19:00:00+01'),
(45.40743, 11.8768635, 2, '08:00:00+01', '19:00:00+01'),
(45.40743, 11.8768635, 3, '08:00:00+01', '19:00:00+01'),
(45.40743, 11.8768635, 4, '08:00:00+01', '19:00:00+01'),
(45.40743, 11.8768635, 5, '08:00:00+01', '19:00:00+01'),
(45.407448, 11.873223, 1, '08:00:00+01', '19:00:00+01'),
(45.407448, 11.873223, 2, '08:00:00+01', '19:00:00+01'),
(45.407448, 11.873223, 3, '08:00:00+01', '19:00:00+01'),
(45.407448, 11.873223, 4, '08:00:00+01', '19:00:00+01'),
(45.407448, 11.873223, 5, '08:00:00+01', '19:00:00+01'),
(45.407482, 11.8775835, 1, '08:00:00+01', '19:00:00+01'),
(45.407482, 11.8775835, 2, '08:00:00+01', '19:00:00+01'),
(45.407482, 11.8775835, 3, '08:00:00+01', '19:00:00+01'),
(45.407482, 11.8775835, 4, '08:00:00+01', '19:00:00+01'),
(45.407482, 11.8775835, 5, '08:00:00+01', '19:00:00+01'),
(45.4075, 11.876542, 1, '08:00:00+01', '19:00:00+01'),
(45.4075, 11.876542, 2, '08:00:00+01', '19:00:00+01'),
(45.4075, 11.876542, 3, '08:00:00+01', '19:00:00+01'),
(45.4075, 11.876542, 4, '08:00:00+01', '19:00:00+01'),
(45.4075, 11.876542, 5, '08:00:00+01', '19:00:00+01'),
(45.40768, 11.874444, 1, '08:00:00+01', '19:00:00+01'),
(45.40768, 11.874444, 2, '08:00:00+01', '19:00:00+01'),
(45.40768, 11.874444, 3, '08:00:00+01', '19:00:00+01'),
(45.40768, 11.874444, 4, '08:00:00+01', '19:00:00+01'),
(45.40768, 11.874444, 5, '08:00:00+01', '19:00:00+01'),
(45.407764, 11.876111, 1, '08:00:00+01', '19:00:00+01'),
(45.407764, 11.876111, 2, '08:00:00+01', '19:00:00+01'),
(45.407764, 11.876111, 3, '08:00:00+01', '19:00:00+01'),
(45.407764, 11.876111, 4, '08:00:00+01', '19:00:00+01'),
(45.407764, 11.876111, 5, '08:00:00+01', '19:00:00+01'),
(45.40787, 11.873732, 1, '08:00:00+01', '19:00:00+01'),
(45.40787, 11.873732, 2, '08:00:00+01', '19:00:00+01'),
(45.40787, 11.873732, 3, '08:00:00+01', '19:00:00+01'),
(45.40787, 11.873732, 4, '08:00:00+01', '19:00:00+01'),
(45.40787, 11.873732, 5, '08:00:00+01', '19:00:00+01'),
(45.407883, 11.882861, 1, '08:00:00+01', '19:00:00+01'),
(45.407883, 11.882861, 2, '08:00:00+01', '19:00:00+01'),
(45.407883, 11.882861, 3, '08:00:00+01', '19:00:00+01'),
(45.407883, 11.882861, 4, '08:00:00+01', '19:00:00+01'),
(45.407883, 11.882861, 5, '08:00:00+01', '19:00:00+01'),
(45.407944, 11.87334, 1, '08:00:00+01', '19:00:00+01'),
(45.407944, 11.87334, 2, '08:00:00+01', '19:00:00+01'),
(45.407944, 11.87334, 3, '08:00:00+01', '19:00:00+01'),
(45.407944, 11.87334, 4, '08:00:00+01', '19:00:00+01'),
(45.407944, 11.87334, 5, '08:00:00+01', '19:00:00+01'),
(45.408062, 11.877018, 1, '08:00:00+01', '19:00:00+01'),
(45.408062, 11.877018, 2, '08:00:00+01', '19:00:00+01'),
(45.408062, 11.877018, 3, '08:00:00+01', '19:00:00+01'),
(45.408062, 11.877018, 4, '08:00:00+01', '19:00:00+01'),
(45.408062, 11.877018, 5, '08:00:00+01', '19:00:00+01'),
(45.408127, 11.876847, 1, '08:00:00+01', '19:00:00+01'),
(45.408127, 11.876847, 2, '08:00:00+01', '19:00:00+01'),
(45.408127, 11.876847, 3, '08:00:00+01', '19:00:00+01'),
(45.408127, 11.876847, 4, '08:00:00+01', '19:00:00+01'),
(45.408127, 11.876847, 5, '08:00:00+01', '19:00:00+01'),
(45.408264, 11.871036, 1, '08:00:00+01', '19:00:00+01'),
(45.408264, 11.871036, 2, '08:00:00+01', '19:00:00+01'),
(45.408264, 11.871036, 3, '08:00:00+01', '19:00:00+01'),
(45.408264, 11.871036, 4, '08:00:00+01', '19:00:00+01'),
(45.408264, 11.871036, 5, '08:00:00+01', '19:00:00+01'),
(45.40827, 11.893395, 1, '08:00:00+01', '19:00:00+01'),
(45.40827, 11.893395, 2, '08:00:00+01', '19:00:00+01'),
(45.40827, 11.893395, 3, '08:00:00+01', '19:00:00+01'),
(45.40827, 11.893395, 4, '08:00:00+01', '19:00:00+01'),
(45.40827, 11.893395, 5, '08:00:00+01', '19:00:00+01'),
(45.408344, 11.877428, 1, '08:00:00+01', '19:00:00+01'),
(45.408344, 11.877428, 2, '08:00:00+01', '19:00:00+01'),
(45.408344, 11.877428, 3, '08:00:00+01', '19:00:00+01'),
(45.408344, 11.877428, 4, '08:00:00+01', '19:00:00+01'),
(45.408344, 11.877428, 5, '08:00:00+01', '19:00:00+01'),
(45.408363, 11.876022, 1, '08:00:00+01', '19:00:00+01'),
(45.408363, 11.876022, 2, '08:00:00+01', '19:00:00+01'),
(45.408363, 11.876022, 3, '08:00:00+01', '19:00:00+01'),
(45.408363, 11.876022, 4, '08:00:00+01', '19:00:00+01'),
(45.408363, 11.876022, 5, '08:00:00+01', '19:00:00+01');

INSERT INTO "poi_hours" ("latitude_poi", "longitude_poi", "day_of_week", "open_at", "close_at") VALUES
(45.408466, 11.871127, 1, '08:00:00+01', '19:00:00+01'),
(45.408466, 11.871127, 2, '08:00:00+01', '19:00:00+01'),
(45.408466, 11.871127, 3, '08:00:00+01', '19:00:00+01'),
(45.408466, 11.871127, 4, '08:00:00+01', '19:00:00+01'),
(45.408466, 11.871127, 5, '08:00:00+01', '19:00:00+01'),
(45.408474, 11.874332, 1, '08:00:00+01', '19:00:00+01'),
(45.408474, 11.874332, 2, '08:00:00+01', '19:00:00+01'),
(45.408474, 11.874332, 3, '08:00:00+01', '19:00:00+01'),
(45.408474, 11.874332, 4, '08:00:00+01', '19:00:00+01'),
(45.408474, 11.874332, 5, '08:00:00+01', '19:00:00+01'),
(45.408615, 11.875533, 1, '08:00:00+01', '19:00:00+01'),
(45.408615, 11.875533, 2, '08:00:00+01', '19:00:00+01'),
(45.408615, 11.875533, 3, '08:00:00+01', '19:00:00+01'),
(45.408615, 11.875533, 4, '08:00:00+01', '19:00:00+01'),
(45.408615, 11.875533, 5, '08:00:00+01', '19:00:00+01'),
(45.40876, 11.876708, 1, '08:00:00+01', '19:00:00+01'),
(45.40876, 11.876708, 2, '08:00:00+01', '19:00:00+01'),
(45.40876, 11.876708, 3, '08:00:00+01', '19:00:00+01'),
(45.40876, 11.876708, 4, '08:00:00+01', '19:00:00+01'),
(45.40876, 11.876708, 5, '08:00:00+01', '19:00:00+01'),
(45.408787, 11.87688, 1, '08:00:00+01', '19:00:00+01'),
(45.408787, 11.87688, 2, '08:00:00+01', '19:00:00+01'),
(45.408787, 11.87688, 3, '08:00:00+01', '19:00:00+01'),
(45.408787, 11.87688, 4, '08:00:00+01', '19:00:00+01'),
(45.408787, 11.87688, 5, '08:00:00+01', '19:00:00+01'),
(45.408813, 11.903057, 1, '08:00:00+01', '19:00:00+01'),
(45.408813, 11.903057, 2, '08:00:00+01', '19:00:00+01'),
(45.408813, 11.903057, 3, '08:00:00+01', '19:00:00+01'),
(45.408813, 11.903057, 4, '08:00:00+01', '19:00:00+01'),
(45.408813, 11.903057, 5, '08:00:00+01', '19:00:00+01'),
(45.40886, 11.915281, 1, '08:00:00+01', '19:00:00+01'),
(45.40886, 11.915281, 2, '08:00:00+01', '19:00:00+01'),
(45.40886, 11.915281, 3, '08:00:00+01', '19:00:00+01'),
(45.40886, 11.915281, 4, '08:00:00+01', '19:00:00+01'),
(45.40886, 11.915281, 5, '08:00:00+01', '19:00:00+01'),
(45.40891, 11.889399, 1, '08:00:00+01', '19:00:00+01'),
(45.40891, 11.889399, 2, '08:00:00+01', '19:00:00+01'),
(45.40891, 11.889399, 3, '08:00:00+01', '19:00:00+01'),
(45.40891, 11.889399, 4, '08:00:00+01', '19:00:00+01'),
(45.40891, 11.889399, 5, '08:00:00+01', '19:00:00+01'),
(45.40899, 11.87105, 1, '08:00:00+01', '19:00:00+01'),
(45.40899, 11.87105, 2, '08:00:00+01', '19:00:00+01'),
(45.40899, 11.87105, 3, '08:00:00+01', '19:00:00+01'),
(45.40899, 11.87105, 4, '08:00:00+01', '19:00:00+01'),
(45.40899, 11.87105, 5, '08:00:00+01', '19:00:00+01'),
(45.40912, 11.875048, 1, '08:00:00+01', '19:00:00+01'),
(45.40912, 11.875048, 2, '08:00:00+01', '19:00:00+01'),
(45.40912, 11.875048, 3, '08:00:00+01', '19:00:00+01'),
(45.40912, 11.875048, 4, '08:00:00+01', '19:00:00+01'),
(45.40912, 11.875048, 5, '08:00:00+01', '19:00:00+01'),
(45.40913, 11.873197, 1, '08:00:00+01', '19:00:00+01'),
(45.40913, 11.873197, 2, '08:00:00+01', '19:00:00+01'),
(45.40913, 11.873197, 3, '08:00:00+01', '19:00:00+01'),
(45.40913, 11.873197, 4, '08:00:00+01', '19:00:00+01'),
(45.40913, 11.873197, 5, '08:00:00+01', '19:00:00+01'),
(45.409153, 11.8729725, 1, '08:00:00+01', '19:00:00+01'),
(45.409153, 11.8729725, 2, '08:00:00+01', '19:00:00+01'),
(45.409153, 11.8729725, 3, '08:00:00+01', '19:00:00+01'),
(45.409153, 11.8729725, 4, '08:00:00+01', '19:00:00+01'),
(45.409153, 11.8729725, 5, '08:00:00+01', '19:00:00+01'),
(45.409237, 11.868815, 1, '08:00:00+01', '19:00:00+01'),
(45.409237, 11.868815, 2, '08:00:00+01', '19:00:00+01'),
(45.409237, 11.868815, 3, '08:00:00+01', '19:00:00+01'),
(45.409237, 11.868815, 4, '08:00:00+01', '19:00:00+01'),
(45.409237, 11.868815, 5, '08:00:00+01', '19:00:00+01'),
(45.409332, 11.876222, 1, '08:00:00+01', '19:00:00+01'),
(45.409332, 11.876222, 2, '08:00:00+01', '19:00:00+01'),
(45.409332, 11.876222, 3, '08:00:00+01', '19:00:00+01'),
(45.409332, 11.876222, 4, '08:00:00+01', '19:00:00+01'),
(45.409332, 11.876222, 5, '08:00:00+01', '19:00:00+01'),
(45.40943, 11.869017, 1, '08:00:00+01', '19:00:00+01'),
(45.40943, 11.869017, 2, '08:00:00+01', '19:00:00+01'),
(45.40943, 11.869017, 3, '08:00:00+01', '19:00:00+01'),
(45.40943, 11.869017, 4, '08:00:00+01', '19:00:00+01'),
(45.40943, 11.869017, 5, '08:00:00+01', '19:00:00+01'),
(45.409435, 11.873015, 1, '08:00:00+01', '19:00:00+01'),
(45.409435, 11.873015, 2, '08:00:00+01', '19:00:00+01'),
(45.409435, 11.873015, 3, '08:00:00+01', '19:00:00+01'),
(45.409435, 11.873015, 4, '08:00:00+01', '19:00:00+01'),
(45.409435, 11.873015, 5, '08:00:00+01', '19:00:00+01'),
(45.409576, 11.871309, 1, '08:00:00+01', '19:00:00+01'),
(45.409576, 11.871309, 2, '08:00:00+01', '19:00:00+01'),
(45.409576, 11.871309, 3, '08:00:00+01', '19:00:00+01'),
(45.409576, 11.871309, 4, '08:00:00+01', '19:00:00+01'),
(45.409576, 11.871309, 5, '08:00:00+01', '19:00:00+01'),
(45.409878, 11.868843, 1, '08:00:00+01', '19:00:00+01'),
(45.409878, 11.868843, 2, '08:00:00+01', '19:00:00+01'),
(45.409878, 11.868843, 3, '08:00:00+01', '19:00:00+01'),
(45.409878, 11.868843, 4, '08:00:00+01', '19:00:00+01'),
(45.409878, 11.868843, 5, '08:00:00+01', '19:00:00+01'),
(45.409924, 11.86878, 1, '08:00:00+01', '19:00:00+01'),
(45.409924, 11.86878, 2, '08:00:00+01', '19:00:00+01'),
(45.409924, 11.86878, 3, '08:00:00+01', '19:00:00+01'),
(45.409924, 11.86878, 4, '08:00:00+01', '19:00:00+01'),
(45.409924, 11.86878, 5, '08:00:00+01', '19:00:00+01'),
(45.409954, 11.911201, 1, '08:00:00+01', '19:00:00+01'),
(45.409954, 11.911201, 2, '08:00:00+01', '19:00:00+01'),
(45.409954, 11.911201, 3, '08:00:00+01', '19:00:00+01'),
(45.409954, 11.911201, 4, '08:00:00+01', '19:00:00+01'),
(45.409954, 11.911201, 5, '08:00:00+01', '19:00:00+01'),
(45.410084, 11.860234, 1, '08:00:00+01', '19:00:00+01'),
(45.410084, 11.860234, 2, '08:00:00+01', '19:00:00+01'),
(45.410084, 11.860234, 3, '08:00:00+01', '19:00:00+01'),
(45.410084, 11.860234, 4, '08:00:00+01', '19:00:00+01'),
(45.410084, 11.860234, 5, '08:00:00+01', '19:00:00+01'),
(45.410175, 11.893031, 1, '08:00:00+01', '19:00:00+01'),
(45.410175, 11.893031, 2, '08:00:00+01', '19:00:00+01'),
(45.410175, 11.893031, 3, '08:00:00+01', '19:00:00+01'),
(45.410175, 11.893031, 4, '08:00:00+01', '19:00:00+01'),
(45.410175, 11.893031, 5, '08:00:00+01', '19:00:00+01'),
(45.410244, 11.868733, 1, '08:00:00+01', '19:00:00+01'),
(45.410244, 11.868733, 2, '08:00:00+01', '19:00:00+01'),
(45.410244, 11.868733, 3, '08:00:00+01', '19:00:00+01'),
(45.410244, 11.868733, 4, '08:00:00+01', '19:00:00+01'),
(45.410244, 11.868733, 5, '08:00:00+01', '19:00:00+01'),
(45.410294, 11.907196, 1, '08:00:00+01', '19:00:00+01'),
(45.410294, 11.907196, 2, '08:00:00+01', '19:00:00+01'),
(45.410294, 11.907196, 3, '08:00:00+01', '19:00:00+01'),
(45.410294, 11.907196, 4, '08:00:00+01', '19:00:00+01'),
(45.410294, 11.907196, 5, '08:00:00+01', '19:00:00+01'),
(45.410297, 11.878312, 1, '08:00:00+01', '19:00:00+01'),
(45.410297, 11.878312, 2, '08:00:00+01', '19:00:00+01'),
(45.410297, 11.878312, 3, '08:00:00+01', '19:00:00+01'),
(45.410297, 11.878312, 4, '08:00:00+01', '19:00:00+01'),
(45.410297, 11.878312, 5, '08:00:00+01', '19:00:00+01'),
(45.410473, 11.881169, 1, '08:00:00+01', '19:00:00+01'),
(45.410473, 11.881169, 2, '08:00:00+01', '19:00:00+01'),
(45.410473, 11.881169, 3, '08:00:00+01', '19:00:00+01'),
(45.410473, 11.881169, 4, '08:00:00+01', '19:00:00+01'),
(45.410473, 11.881169, 5, '08:00:00+01', '19:00:00+01'),
(45.41063, 11.857927, 1, '08:00:00+01', '19:00:00+01'),
(45.41063, 11.857927, 2, '08:00:00+01', '19:00:00+01'),
(45.41063, 11.857927, 3, '08:00:00+01', '19:00:00+01'),
(45.41063, 11.857927, 4, '08:00:00+01', '19:00:00+01'),
(45.41063, 11.857927, 5, '08:00:00+01', '19:00:00+01'),
(45.410774, 11.8761, 1, '08:00:00+01', '19:00:00+01'),
(45.410774, 11.8761, 2, '08:00:00+01', '19:00:00+01'),
(45.410774, 11.8761, 3, '08:00:00+01', '19:00:00+01'),
(45.410774, 11.8761, 4, '08:00:00+01', '19:00:00+01'),
(45.410774, 11.8761, 5, '08:00:00+01', '19:00:00+01'),
(45.410934, 11.858006, 1, '08:00:00+01', '19:00:00+01'),
(45.410934, 11.858006, 2, '08:00:00+01', '19:00:00+01'),
(45.410934, 11.858006, 3, '08:00:00+01', '19:00:00+01'),
(45.410934, 11.858006, 4, '08:00:00+01', '19:00:00+01'),
(45.410934, 11.858006, 5, '08:00:00+01', '19:00:00+01'),
(45.410954, 11.876192, 1, '08:00:00+01', '19:00:00+01'),
(45.410954, 11.876192, 2, '08:00:00+01', '19:00:00+01'),
(45.410954, 11.876192, 3, '08:00:00+01', '19:00:00+01'),
(45.410954, 11.876192, 4, '08:00:00+01', '19:00:00+01'),
(45.410954, 11.876192, 5, '08:00:00+01', '19:00:00+01'),
(45.410988, 11.874954, 1, '08:00:00+01', '19:00:00+01'),
(45.410988, 11.874954, 2, '08:00:00+01', '19:00:00+01'),
(45.410988, 11.874954, 3, '08:00:00+01', '19:00:00+01'),
(45.410988, 11.874954, 4, '08:00:00+01', '19:00:00+01'),
(45.410988, 11.874954, 5, '08:00:00+01', '19:00:00+01'),
(45.411167, 11.874265, 1, '08:00:00+01', '19:00:00+01'),
(45.411167, 11.874265, 2, '08:00:00+01', '19:00:00+01'),
(45.411167, 11.874265, 3, '08:00:00+01', '19:00:00+01'),
(45.411167, 11.874265, 4, '08:00:00+01', '19:00:00+01'),
(45.411167, 11.874265, 5, '08:00:00+01', '19:00:00+01'),
(45.41127, 11.863611, 1, '08:00:00+01', '19:00:00+01'),
(45.41127, 11.863611, 2, '08:00:00+01', '19:00:00+01'),
(45.41127, 11.863611, 3, '08:00:00+01', '19:00:00+01'),
(45.41127, 11.863611, 4, '08:00:00+01', '19:00:00+01'),
(45.41127, 11.863611, 5, '08:00:00+01', '19:00:00+01'),
(45.41137, 11.950008, 1, '08:00:00+01', '19:00:00+01'),
(45.41137, 11.950008, 2, '08:00:00+01', '19:00:00+01'),
(45.41137, 11.950008, 3, '08:00:00+01', '19:00:00+01'),
(45.41137, 11.950008, 4, '08:00:00+01', '19:00:00+01'),
(45.41137, 11.950008, 5, '08:00:00+01', '19:00:00+01'),
(45.41143, 11.863447, 1, '08:00:00+01', '19:00:00+01'),
(45.41143, 11.863447, 2, '08:00:00+01', '19:00:00+01'),
(45.41143, 11.863447, 3, '08:00:00+01', '19:00:00+01'),
(45.41143, 11.863447, 4, '08:00:00+01', '19:00:00+01'),
(45.41143, 11.863447, 5, '08:00:00+01', '19:00:00+01'),
(45.411484, 11.8457775, 1, '08:00:00+01', '19:00:00+01'),
(45.411484, 11.8457775, 2, '08:00:00+01', '19:00:00+01'),
(45.411484, 11.8457775, 3, '08:00:00+01', '19:00:00+01'),
(45.411484, 11.8457775, 4, '08:00:00+01', '19:00:00+01'),
(45.411484, 11.8457775, 5, '08:00:00+01', '19:00:00+01'),
(45.41157, 11.866228, 1, '08:00:00+01', '19:00:00+01'),
(45.41157, 11.866228, 2, '08:00:00+01', '19:00:00+01'),
(45.41157, 11.866228, 3, '08:00:00+01', '19:00:00+01'),
(45.41157, 11.866228, 4, '08:00:00+01', '19:00:00+01'),
(45.41157, 11.866228, 5, '08:00:00+01', '19:00:00+01'),
(45.4116, 11.87101, 1, '08:00:00+01', '19:00:00+01'),
(45.4116, 11.87101, 2, '08:00:00+01', '19:00:00+01'),
(45.4116, 11.87101, 3, '08:00:00+01', '19:00:00+01'),
(45.4116, 11.87101, 4, '08:00:00+01', '19:00:00+01'),
(45.4116, 11.87101, 5, '08:00:00+01', '19:00:00+01'),
(45.411602, 11.865589, 1, '08:00:00+01', '19:00:00+01'),
(45.411602, 11.865589, 2, '08:00:00+01', '19:00:00+01'),
(45.411602, 11.865589, 3, '08:00:00+01', '19:00:00+01'),
(45.411602, 11.865589, 4, '08:00:00+01', '19:00:00+01'),
(45.411602, 11.865589, 5, '08:00:00+01', '19:00:00+01'),
(45.411713, 11.86188, 1, '08:00:00+01', '19:00:00+01'),
(45.411713, 11.86188, 2, '08:00:00+01', '19:00:00+01'),
(45.411713, 11.86188, 3, '08:00:00+01', '19:00:00+01'),
(45.411713, 11.86188, 4, '08:00:00+01', '19:00:00+01'),
(45.411713, 11.86188, 5, '08:00:00+01', '19:00:00+01'),
(45.411873, 11.908177, 1, '08:00:00+01', '19:00:00+01'),
(45.411873, 11.908177, 2, '08:00:00+01', '19:00:00+01'),
(45.411873, 11.908177, 3, '08:00:00+01', '19:00:00+01'),
(45.411873, 11.908177, 4, '08:00:00+01', '19:00:00+01'),
(45.411873, 11.908177, 5, '08:00:00+01', '19:00:00+01'),
(45.412014, 11.908236, 1, '08:00:00+01', '19:00:00+01'),
(45.412014, 11.908236, 2, '08:00:00+01', '19:00:00+01'),
(45.412014, 11.908236, 3, '08:00:00+01', '19:00:00+01'),
(45.412014, 11.908236, 4, '08:00:00+01', '19:00:00+01'),
(45.412014, 11.908236, 5, '08:00:00+01', '19:00:00+01'),
(45.412148, 11.877296, 1, '08:00:00+01', '19:00:00+01'),
(45.412148, 11.877296, 2, '08:00:00+01', '19:00:00+01'),
(45.412148, 11.877296, 3, '08:00:00+01', '19:00:00+01'),
(45.412148, 11.877296, 4, '08:00:00+01', '19:00:00+01'),
(45.412148, 11.877296, 5, '08:00:00+01', '19:00:00+01'),
(45.41402, 11.885174, 1, '08:00:00+01', '19:00:00+01'),
(45.41402, 11.885174, 2, '08:00:00+01', '19:00:00+01'),
(45.41402, 11.885174, 3, '08:00:00+01', '19:00:00+01'),
(45.41402, 11.885174, 4, '08:00:00+01', '19:00:00+01'),
(45.41402, 11.885174, 5, '08:00:00+01', '19:00:00+01'),
(45.415222, 11.87587, 1, '08:00:00+01', '19:00:00+01'),
(45.415222, 11.87587, 2, '08:00:00+01', '19:00:00+01'),
(45.415222, 11.87587, 3, '08:00:00+01', '19:00:00+01'),
(45.415222, 11.87587, 4, '08:00:00+01', '19:00:00+01'),
(45.415222, 11.87587, 5, '08:00:00+01', '19:00:00+01'),
(45.41572, 11.9467745, 1, '08:00:00+01', '19:00:00+01'),
(45.41572, 11.9467745, 2, '08:00:00+01', '19:00:00+01'),
(45.41572, 11.9467745, 3, '08:00:00+01', '19:00:00+01'),
(45.41572, 11.9467745, 4, '08:00:00+01', '19:00:00+01'),
(45.41572, 11.9467745, 5, '08:00:00+01', '19:00:00+01'),
(45.41617, 11.879253, 1, '08:00:00+01', '19:00:00+01'),
(45.41617, 11.879253, 2, '08:00:00+01', '19:00:00+01'),
(45.41617, 11.879253, 3, '08:00:00+01', '19:00:00+01'),
(45.41617, 11.879253, 4, '08:00:00+01', '19:00:00+01'),
(45.41617, 11.879253, 5, '08:00:00+01', '19:00:00+01'),
(45.41651, 11.8803, 1, '08:00:00+01', '19:00:00+01'),
(45.41651, 11.8803, 2, '08:00:00+01', '19:00:00+01'),
(45.41651, 11.8803, 3, '08:00:00+01', '19:00:00+01'),
(45.41651, 11.8803, 4, '08:00:00+01', '19:00:00+01'),
(45.41651, 11.8803, 5, '08:00:00+01', '19:00:00+01'),
(45.416515, 11.933451, 1, '08:00:00+01', '19:00:00+01'),
(45.416515, 11.933451, 2, '08:00:00+01', '19:00:00+01'),
(45.416515, 11.933451, 3, '08:00:00+01', '19:00:00+01'),
(45.416515, 11.933451, 4, '08:00:00+01', '19:00:00+01'),
(45.416515, 11.933451, 5, '08:00:00+01', '19:00:00+01'),
(45.416683, 11.874826, 1, '08:00:00+01', '19:00:00+01'),
(45.416683, 11.874826, 2, '08:00:00+01', '19:00:00+01'),
(45.416683, 11.874826, 3, '08:00:00+01', '19:00:00+01'),
(45.416683, 11.874826, 4, '08:00:00+01', '19:00:00+01'),
(45.416683, 11.874826, 5, '08:00:00+01', '19:00:00+01'),
(45.41698, 11.935758, 1, '08:00:00+01', '19:00:00+01'),
(45.41698, 11.935758, 2, '08:00:00+01', '19:00:00+01'),
(45.41698, 11.935758, 3, '08:00:00+01', '19:00:00+01'),
(45.41698, 11.935758, 4, '08:00:00+01', '19:00:00+01'),
(45.41698, 11.935758, 5, '08:00:00+01', '19:00:00+01'),
(45.41703, 11.879213, 1, '08:00:00+01', '19:00:00+01'),
(45.41703, 11.879213, 2, '08:00:00+01', '19:00:00+01'),
(45.41703, 11.879213, 3, '08:00:00+01', '19:00:00+01'),
(45.41703, 11.879213, 4, '08:00:00+01', '19:00:00+01'),
(45.41703, 11.879213, 5, '08:00:00+01', '19:00:00+01'),
(45.417255, 11.824314, 1, '08:00:00+01', '19:00:00+01'),
(45.417255, 11.824314, 2, '08:00:00+01', '19:00:00+01'),
(45.417255, 11.824314, 3, '08:00:00+01', '19:00:00+01'),
(45.417255, 11.824314, 4, '08:00:00+01', '19:00:00+01'),
(45.417255, 11.824314, 5, '08:00:00+01', '19:00:00+01'),
(45.417645, 11.879622, 1, '08:00:00+01', '19:00:00+01'),
(45.417645, 11.879622, 2, '08:00:00+01', '19:00:00+01'),
(45.417645, 11.879622, 3, '08:00:00+01', '19:00:00+01'),
(45.417645, 11.879622, 4, '08:00:00+01', '19:00:00+01'),
(45.417645, 11.879622, 5, '08:00:00+01', '19:00:00+01'),
(45.418163, 11.82549, 1, '08:00:00+01', '19:00:00+01'),
(45.418163, 11.82549, 2, '08:00:00+01', '19:00:00+01'),
(45.418163, 11.82549, 3, '08:00:00+01', '19:00:00+01'),
(45.418163, 11.82549, 4, '08:00:00+01', '19:00:00+01'),
(45.418163, 11.82549, 5, '08:00:00+01', '19:00:00+01'),
(45.418827, 11.950098, 1, '08:00:00+01', '19:00:00+01'),
(45.418827, 11.950098, 2, '08:00:00+01', '19:00:00+01'),
(45.418827, 11.950098, 3, '08:00:00+01', '19:00:00+01'),
(45.418827, 11.950098, 4, '08:00:00+01', '19:00:00+01'),
(45.418827, 11.950098, 5, '08:00:00+01', '19:00:00+01'),
(45.419025, 11.948498, 1, '08:00:00+01', '19:00:00+01'),
(45.419025, 11.948498, 2, '08:00:00+01', '19:00:00+01'),
(45.419025, 11.948498, 3, '08:00:00+01', '19:00:00+01'),
(45.419025, 11.948498, 4, '08:00:00+01', '19:00:00+01'),
(45.419025, 11.948498, 5, '08:00:00+01', '19:00:00+01'),
(45.420143, 11.879528, 1, '08:00:00+01', '19:00:00+01'),
(45.420143, 11.879528, 2, '08:00:00+01', '19:00:00+01'),
(45.420143, 11.879528, 3, '08:00:00+01', '19:00:00+01'),
(45.420143, 11.879528, 4, '08:00:00+01', '19:00:00+01'),
(45.420143, 11.879528, 5, '08:00:00+01', '19:00:00+01'),
(45.420387, 11.818664, 1, '08:00:00+01', '19:00:00+01'),
(45.420387, 11.818664, 2, '08:00:00+01', '19:00:00+01'),
(45.420387, 11.818664, 3, '08:00:00+01', '19:00:00+01'),
(45.420387, 11.818664, 4, '08:00:00+01', '19:00:00+01'),
(45.420387, 11.818664, 5, '08:00:00+01', '19:00:00+01'),
(45.420757, 11.881068, 1, '08:00:00+01', '19:00:00+01'),
(45.420757, 11.881068, 2, '08:00:00+01', '19:00:00+01'),
(45.420757, 11.881068, 3, '08:00:00+01', '19:00:00+01'),
(45.420757, 11.881068, 4, '08:00:00+01', '19:00:00+01'),
(45.420757, 11.881068, 5, '08:00:00+01', '19:00:00+01'),
(45.42087, 11.814342, 1, '08:00:00+01', '19:00:00+01'),
(45.42087, 11.814342, 2, '08:00:00+01', '19:00:00+01'),
(45.42087, 11.814342, 3, '08:00:00+01', '19:00:00+01'),
(45.42087, 11.814342, 4, '08:00:00+01', '19:00:00+01'),
(45.42087, 11.814342, 5, '08:00:00+01', '19:00:00+01'),
(45.420963, 11.881383, 1, '08:00:00+01', '19:00:00+01'),
(45.420963, 11.881383, 2, '08:00:00+01', '19:00:00+01'),
(45.420963, 11.881383, 3, '08:00:00+01', '19:00:00+01'),
(45.420963, 11.881383, 4, '08:00:00+01', '19:00:00+01'),
(45.420963, 11.881383, 5, '08:00:00+01', '19:00:00+01'),
(45.42103, 11.817281, 1, '08:00:00+01', '19:00:00+01'),
(45.42103, 11.817281, 2, '08:00:00+01', '19:00:00+01'),
(45.42103, 11.817281, 3, '08:00:00+01', '19:00:00+01'),
(45.42103, 11.817281, 4, '08:00:00+01', '19:00:00+01'),
(45.42103, 11.817281, 5, '08:00:00+01', '19:00:00+01'),
(45.421528, 11.806625, 1, '08:00:00+01', '19:00:00+01'),
(45.421528, 11.806625, 2, '08:00:00+01', '19:00:00+01'),
(45.421528, 11.806625, 3, '08:00:00+01', '19:00:00+01'),
(45.421528, 11.806625, 4, '08:00:00+01', '19:00:00+01'),
(45.421528, 11.806625, 5, '08:00:00+01', '19:00:00+01'),
(45.421535, 11.807441, 1, '08:00:00+01', '19:00:00+01'),
(45.421535, 11.807441, 2, '08:00:00+01', '19:00:00+01'),
(45.421535, 11.807441, 3, '08:00:00+01', '19:00:00+01'),
(45.421535, 11.807441, 4, '08:00:00+01', '19:00:00+01'),
(45.421535, 11.807441, 5, '08:00:00+01', '19:00:00+01'),
(45.422127, 11.874804, 1, '08:00:00+01', '19:00:00+01'),
(45.422127, 11.874804, 2, '08:00:00+01', '19:00:00+01'),
(45.422127, 11.874804, 3, '08:00:00+01', '19:00:00+01'),
(45.422127, 11.874804, 4, '08:00:00+01', '19:00:00+01'),
(45.422127, 11.874804, 5, '08:00:00+01', '19:00:00+01'),
(45.42303, 11.88346, 1, '08:00:00+01', '19:00:00+01'),
(45.42303, 11.88346, 2, '08:00:00+01', '19:00:00+01'),
(45.42303, 11.88346, 3, '08:00:00+01', '19:00:00+01'),
(45.42303, 11.88346, 4, '08:00:00+01', '19:00:00+01'),
(45.42303, 11.88346, 5, '08:00:00+01', '19:00:00+01'),
(45.42354, 11.883967, 1, '08:00:00+01', '19:00:00+01'),
(45.42354, 11.883967, 2, '08:00:00+01', '19:00:00+01'),
(45.42354, 11.883967, 3, '08:00:00+01', '19:00:00+01'),
(45.42354, 11.883967, 4, '08:00:00+01', '19:00:00+01'),
(45.42354, 11.883967, 5, '08:00:00+01', '19:00:00+01'),
(45.42355, 11.94165, 1, '08:00:00+01', '19:00:00+01'),
(45.42355, 11.94165, 2, '08:00:00+01', '19:00:00+01'),
(45.42355, 11.94165, 3, '08:00:00+01', '19:00:00+01'),
(45.42355, 11.94165, 4, '08:00:00+01', '19:00:00+01'),
(45.42355, 11.94165, 5, '08:00:00+01', '19:00:00+01'),
(45.423607, 11.853232, 1, '08:00:00+01', '19:00:00+01'),
(45.423607, 11.853232, 2, '08:00:00+01', '19:00:00+01'),
(45.423607, 11.853232, 3, '08:00:00+01', '19:00:00+01'),
(45.423607, 11.853232, 4, '08:00:00+01', '19:00:00+01'),
(45.423607, 11.853232, 5, '08:00:00+01', '19:00:00+01'),
(45.424007, 11.873694, 1, '08:00:00+01', '19:00:00+01'),
(45.424007, 11.873694, 2, '08:00:00+01', '19:00:00+01'),
(45.424007, 11.873694, 3, '08:00:00+01', '19:00:00+01'),
(45.424007, 11.873694, 4, '08:00:00+01', '19:00:00+01'),
(45.424007, 11.873694, 5, '08:00:00+01', '19:00:00+01'),
(45.42465, 11.947543, 1, '08:00:00+01', '19:00:00+01'),
(45.42465, 11.947543, 2, '08:00:00+01', '19:00:00+01'),
(45.42465, 11.947543, 3, '08:00:00+01', '19:00:00+01'),
(45.42465, 11.947543, 4, '08:00:00+01', '19:00:00+01'),
(45.42465, 11.947543, 5, '08:00:00+01', '19:00:00+01'),
(45.42547, 11.946725, 1, '08:00:00+01', '19:00:00+01'),
(45.42547, 11.946725, 2, '08:00:00+01', '19:00:00+01'),
(45.42547, 11.946725, 3, '08:00:00+01', '19:00:00+01'),
(45.42547, 11.946725, 4, '08:00:00+01', '19:00:00+01'),
(45.42547, 11.946725, 5, '08:00:00+01', '19:00:00+01'),
(45.425526, 11.912908, 1, '08:00:00+01', '19:00:00+01'),
(45.425526, 11.912908, 2, '08:00:00+01', '19:00:00+01'),
(45.425526, 11.912908, 3, '08:00:00+01', '19:00:00+01'),
(45.425526, 11.912908, 4, '08:00:00+01', '19:00:00+01'),
(45.425526, 11.912908, 5, '08:00:00+01', '19:00:00+01'),
(45.425976, 11.850126, 1, '08:00:00+01', '19:00:00+01'),
(45.425976, 11.850126, 2, '08:00:00+01', '19:00:00+01'),
(45.425976, 11.850126, 3, '08:00:00+01', '19:00:00+01'),
(45.425976, 11.850126, 4, '08:00:00+01', '19:00:00+01'),
(45.425976, 11.850126, 5, '08:00:00+01', '19:00:00+01'),
(45.426575, 11.878352, 1, '08:00:00+01', '19:00:00+01'),
(45.426575, 11.878352, 2, '08:00:00+01', '19:00:00+01'),
(45.426575, 11.878352, 3, '08:00:00+01', '19:00:00+01'),
(45.426575, 11.878352, 4, '08:00:00+01', '19:00:00+01'),
(45.426575, 11.878352, 5, '08:00:00+01', '19:00:00+01'),
(45.428093, 11.937742, 1, '08:00:00+01', '19:00:00+01'),
(45.428093, 11.937742, 2, '08:00:00+01', '19:00:00+01'),
(45.428093, 11.937742, 3, '08:00:00+01', '19:00:00+01'),
(45.428093, 11.937742, 4, '08:00:00+01', '19:00:00+01'),
(45.428093, 11.937742, 5, '08:00:00+01', '19:00:00+01'),
(45.4282, 11.879696, 1, '08:00:00+01', '19:00:00+01'),
(45.4282, 11.879696, 2, '08:00:00+01', '19:00:00+01'),
(45.4282, 11.879696, 3, '08:00:00+01', '19:00:00+01'),
(45.4282, 11.879696, 4, '08:00:00+01', '19:00:00+01'),
(45.4282, 11.879696, 5, '08:00:00+01', '19:00:00+01'),
(45.42899, 11.893906, 1, '08:00:00+01', '19:00:00+01'),
(45.42899, 11.893906, 2, '08:00:00+01', '19:00:00+01'),
(45.42899, 11.893906, 3, '08:00:00+01', '19:00:00+01'),
(45.42899, 11.893906, 4, '08:00:00+01', '19:00:00+01'),
(45.42899, 11.893906, 5, '08:00:00+01', '19:00:00+01'),
(45.430515, 11.896434, 1, '08:00:00+01', '19:00:00+01'),
(45.430515, 11.896434, 2, '08:00:00+01', '19:00:00+01'),
(45.430515, 11.896434, 3, '08:00:00+01', '19:00:00+01'),
(45.430515, 11.896434, 4, '08:00:00+01', '19:00:00+01'),
(45.430515, 11.896434, 5, '08:00:00+01', '19:00:00+01'),
(45.43078, 11.878521, 1, '08:00:00+01', '19:00:00+01'),
(45.43078, 11.878521, 2, '08:00:00+01', '19:00:00+01'),
(45.43078, 11.878521, 3, '08:00:00+01', '19:00:00+01'),
(45.43078, 11.878521, 4, '08:00:00+01', '19:00:00+01'),
(45.43078, 11.878521, 5, '08:00:00+01', '19:00:00+01'),
(45.431255, 11.863437, 1, '08:00:00+01', '19:00:00+01'),
(45.431255, 11.863437, 2, '08:00:00+01', '19:00:00+01'),
(45.431255, 11.863437, 3, '08:00:00+01', '19:00:00+01'),
(45.431255, 11.863437, 4, '08:00:00+01', '19:00:00+01'),
(45.431255, 11.863437, 5, '08:00:00+01', '19:00:00+01'),
(45.43144, 11.89065, 1, '08:00:00+01', '19:00:00+01'),
(45.43144, 11.89065, 2, '08:00:00+01', '19:00:00+01'),
(45.43144, 11.89065, 3, '08:00:00+01', '19:00:00+01'),
(45.43144, 11.89065, 4, '08:00:00+01', '19:00:00+01'),
(45.43144, 11.89065, 5, '08:00:00+01', '19:00:00+01'),
(45.431656, 11.898113, 1, '08:00:00+01', '19:00:00+01'),
(45.431656, 11.898113, 2, '08:00:00+01', '19:00:00+01'),
(45.431656, 11.898113, 3, '08:00:00+01', '19:00:00+01'),
(45.431656, 11.898113, 4, '08:00:00+01', '19:00:00+01'),
(45.431656, 11.898113, 5, '08:00:00+01', '19:00:00+01'),
(45.431877, 11.898636, 1, '08:00:00+01', '19:00:00+01'),
(45.431877, 11.898636, 2, '08:00:00+01', '19:00:00+01'),
(45.431877, 11.898636, 3, '08:00:00+01', '19:00:00+01'),
(45.431877, 11.898636, 4, '08:00:00+01', '19:00:00+01'),
(45.431877, 11.898636, 5, '08:00:00+01', '19:00:00+01'),
(45.432114, 11.863199, 1, '08:00:00+01', '19:00:00+01'),
(45.432114, 11.863199, 2, '08:00:00+01', '19:00:00+01'),
(45.432114, 11.863199, 3, '08:00:00+01', '19:00:00+01'),
(45.432114, 11.863199, 4, '08:00:00+01', '19:00:00+01'),
(45.432114, 11.863199, 5, '08:00:00+01', '19:00:00+01'),
(45.433006, 11.898295, 1, '08:00:00+01', '19:00:00+01'),
(45.433006, 11.898295, 2, '08:00:00+01', '19:00:00+01'),
(45.433006, 11.898295, 3, '08:00:00+01', '19:00:00+01'),
(45.433006, 11.898295, 4, '08:00:00+01', '19:00:00+01'),
(45.433006, 11.898295, 5, '08:00:00+01', '19:00:00+01'),
(45.43451, 11.933795, 1, '08:00:00+01', '19:00:00+01'),
(45.43451, 11.933795, 2, '08:00:00+01', '19:00:00+01'),
(45.43451, 11.933795, 3, '08:00:00+01', '19:00:00+01'),
(45.43451, 11.933795, 4, '08:00:00+01', '19:00:00+01'),
(45.43451, 11.933795, 5, '08:00:00+01', '19:00:00+01'),
(45.43496, 11.891185, 1, '08:00:00+01', '19:00:00+01'),
(45.43496, 11.891185, 2, '08:00:00+01', '19:00:00+01'),
(45.43496, 11.891185, 3, '08:00:00+01', '19:00:00+01'),
(45.43496, 11.891185, 4, '08:00:00+01', '19:00:00+01'),
(45.43496, 11.891185, 5, '08:00:00+01', '19:00:00+01'),
(45.43561, 11.869923, 1, '08:00:00+01', '19:00:00+01'),
(45.43561, 11.869923, 2, '08:00:00+01', '19:00:00+01'),
(45.43561, 11.869923, 3, '08:00:00+01', '19:00:00+01'),
(45.43561, 11.869923, 4, '08:00:00+01', '19:00:00+01'),
(45.43561, 11.869923, 5, '08:00:00+01', '19:00:00+01'),
(45.436703, 11.845279, 1, '08:00:00+01', '19:00:00+01'),
(45.436703, 11.845279, 2, '08:00:00+01', '19:00:00+01'),
(45.436703, 11.845279, 3, '08:00:00+01', '19:00:00+01'),
(45.436703, 11.845279, 4, '08:00:00+01', '19:00:00+01'),
(45.436703, 11.845279, 5, '08:00:00+01', '19:00:00+01'),
(45.440346, 11.937797, 1, '08:00:00+01', '19:00:00+01'),
(45.440346, 11.937797, 2, '08:00:00+01', '19:00:00+01'),
(45.440346, 11.937797, 3, '08:00:00+01', '19:00:00+01'),
(45.440346, 11.937797, 4, '08:00:00+01', '19:00:00+01'),
(45.440346, 11.937797, 5, '08:00:00+01', '19:00:00+01'),
(45.441807, 11.891071, 1, '08:00:00+01', '19:00:00+01'),
(45.441807, 11.891071, 2, '08:00:00+01', '19:00:00+01'),
(45.441807, 11.891071, 3, '08:00:00+01', '19:00:00+01'),
(45.441807, 11.891071, 4, '08:00:00+01', '19:00:00+01'),
(45.441807, 11.891071, 5, '08:00:00+01', '19:00:00+01'),
(45.44223, 11.89129, 1, '08:00:00+01', '19:00:00+01'),
(45.44223, 11.89129, 2, '08:00:00+01', '19:00:00+01'),
(45.44223, 11.89129, 3, '08:00:00+01', '19:00:00+01'),
(45.44223, 11.89129, 4, '08:00:00+01', '19:00:00+01'),
(45.44223, 11.89129, 5, '08:00:00+01', '19:00:00+01'),
(45.44229, 11.891362, 1, '08:00:00+01', '19:00:00+01'),
(45.44229, 11.891362, 2, '08:00:00+01', '19:00:00+01'),
(45.44229, 11.891362, 3, '08:00:00+01', '19:00:00+01'),
(45.44229, 11.891362, 4, '08:00:00+01', '19:00:00+01'),
(45.44229, 11.891362, 5, '08:00:00+01', '19:00:00+01'),
(45.442303, 11.890908, 1, '08:00:00+01', '19:00:00+01'),
(45.442303, 11.890908, 2, '08:00:00+01', '19:00:00+01'),
(45.442303, 11.890908, 3, '08:00:00+01', '19:00:00+01'),
(45.442303, 11.890908, 4, '08:00:00+01', '19:00:00+01'),
(45.442303, 11.890908, 5, '08:00:00+01', '19:00:00+01'),
(45.442387, 11.891311, 1, '08:00:00+01', '19:00:00+01'),
(45.442387, 11.891311, 2, '08:00:00+01', '19:00:00+01'),
(45.442387, 11.891311, 3, '08:00:00+01', '19:00:00+01'),
(45.442387, 11.891311, 4, '08:00:00+01', '19:00:00+01'),
(45.442387, 11.891311, 5, '08:00:00+01', '19:00:00+01'),
(45.442387, 11.89144, 1, '08:00:00+01', '19:00:00+01'),
(45.442387, 11.89144, 2, '08:00:00+01', '19:00:00+01'),
(45.442387, 11.89144, 3, '08:00:00+01', '19:00:00+01'),
(45.442387, 11.89144, 4, '08:00:00+01', '19:00:00+01'),
(45.442387, 11.89144, 5, '08:00:00+01', '19:00:00+01'),
(45.44245, 11.891119, 1, '08:00:00+01', '19:00:00+01'),
(45.44245, 11.891119, 2, '08:00:00+01', '19:00:00+01'),
(45.44245, 11.891119, 3, '08:00:00+01', '19:00:00+01'),
(45.44245, 11.891119, 4, '08:00:00+01', '19:00:00+01'),
(45.44245, 11.891119, 5, '08:00:00+01', '19:00:00+01'),
(45.443825, 11.89329, 1, '08:00:00+01', '19:00:00+01'),
(45.443825, 11.89329, 2, '08:00:00+01', '19:00:00+01'),
(45.443825, 11.89329, 3, '08:00:00+01', '19:00:00+01'),
(45.443825, 11.89329, 4, '08:00:00+01', '19:00:00+01'),
(45.443825, 11.89329, 5, '08:00:00+01', '19:00:00+01');

INSERT INTO "poi_hours" ("latitude_poi", "longitude_poi", "day_of_week", "open_at", "close_at") VALUES
(45.445152, 11.817615, 1, '08:00:00+01', '19:00:00+01'),
(45.445152, 11.817615, 2, '08:00:00+01', '19:00:00+01'),
(45.445152, 11.817615, 3, '08:00:00+01', '19:00:00+01'),
(45.445152, 11.817615, 4, '08:00:00+01', '19:00:00+01'),
(45.445152, 11.817615, 5, '08:00:00+01', '19:00:00+01'),
(45.447674, 11.894278, 1, '08:00:00+01', '19:00:00+01'),
(45.447674, 11.894278, 2, '08:00:00+01', '19:00:00+01'),
(45.447674, 11.894278, 3, '08:00:00+01', '19:00:00+01'),
(45.447674, 11.894278, 4, '08:00:00+01', '19:00:00+01'),
(45.447674, 11.894278, 5, '08:00:00+01', '19:00:00+01'),
(45.447853, 11.845228, 1, '08:00:00+01', '19:00:00+01'),
(45.447853, 11.845228, 2, '08:00:00+01', '19:00:00+01'),
(45.447853, 11.845228, 3, '08:00:00+01', '19:00:00+01'),
(45.447853, 11.845228, 4, '08:00:00+01', '19:00:00+01'),
(45.447853, 11.845228, 5, '08:00:00+01', '19:00:00+01'),
(45.44803, 11.912086, 1, '08:00:00+01', '19:00:00+01'),
(45.44803, 11.912086, 2, '08:00:00+01', '19:00:00+01'),
(45.44803, 11.912086, 3, '08:00:00+01', '19:00:00+01'),
(45.44803, 11.912086, 4, '08:00:00+01', '19:00:00+01'),
(45.44803, 11.912086, 5, '08:00:00+01', '19:00:00+01'),
(45.449547, 11.896874, 1, '08:00:00+01', '19:00:00+01'),
(45.449547, 11.896874, 2, '08:00:00+01', '19:00:00+01'),
(45.449547, 11.896874, 3, '08:00:00+01', '19:00:00+01'),
(45.449547, 11.896874, 4, '08:00:00+01', '19:00:00+01'),
(45.449547, 11.896874, 5, '08:00:00+01', '19:00:00+01');

INSERT INTO "public"."users" ("email", "name", "text_area") VALUES
('utente10@example.com', 'User_10', 'Preferenze utente 10'),
('utente11@example.com', 'User_11', 'Preferenze utente 11'),
('utente12@example.com', 'User_12', 'Preferenze utente 12'),
('utente13@example.com', 'User_13', 'Preferenze utente 13'),
('utente14@example.com', 'User_14', 'Preferenze utente 14'),
('utente15@example.com', 'User_15', 'Preferenze utente 15'),
('utente16@example.com', 'User_16', 'Preferenze utente 16'),
('utente17@example.com', 'User_17', 'Preferenze utente 17'),
('utente18@example.com', 'User_18', 'Preferenze utente 18'),
('utente19@example.com', 'User_19', 'Preferenze utente 19'),
('utente1@example.com', 'User_1', 'Preferenze utente 1'),
('utente20@example.com', 'User_20', 'Preferenze utente 20'),
('utente21@example.com', 'User_21', 'Preferenze utente 21'),
('utente22@example.com', 'User_22', 'Preferenze utente 22'),
('utente23@example.com', 'User_23', 'Preferenze utente 23'),
('utente24@example.com', 'User_24', 'Preferenze utente 24'),
('utente25@example.com', 'User_25', 'Preferenze utente 25'),
('utente26@example.com', 'User_26', 'Preferenze utente 26'),
('utente27@example.com', 'User_27', 'Preferenze utente 27'),
('utente28@example.com', 'User_28', 'Preferenze utente 28'),
('utente29@example.com', 'User_29', 'Preferenze utente 29'),
('utente2@example.com', 'User_2', 'Preferenze utente 2'),
('utente30@example.com', 'User_30', 'Preferenze utente 30'),
('utente31@example.com', 'User_31', 'Preferenze utente 31'),
('utente32@example.com', 'User_32', 'Preferenze utente 32'),
('utente33@example.com', 'User_33', 'Preferenze utente 33'),
('utente34@example.com', 'User_34', 'Preferenze utente 34'),
('utente35@example.com', 'User_35', 'Preferenze utente 35'),
('utente36@example.com', 'User_36', 'Preferenze utente 36'),
('utente37@example.com', 'User_37', 'Preferenze utente 37'),
('utente38@example.com', 'User_38', 'Preferenze utente 38'),
('utente39@example.com', 'User_39', 'Preferenze utente 39'),
('utente3@example.com', 'User_3', 'Preferenze utente 3'),
('utente40@example.com', 'User_40', 'Preferenze utente 40'),
('utente41@example.com', 'User_41', 'Preferenze utente 41'),
('utente42@example.com', 'User_42', 'Preferenze utente 42'),
('utente43@example.com', 'User_43', 'Preferenze utente 43'),
('utente44@example.com', 'User_44', 'Preferenze utente 44'),
('utente45@example.com', 'User_45', 'Preferenze utente 45'),
('utente46@example.com', 'User_46', 'Preferenze utente 46'),
('utente47@example.com', 'User_47', 'Preferenze utente 47'),
('utente48@example.com', 'User_48', 'Preferenze utente 48'),
('utente49@example.com', 'User_49', 'Preferenze utente 49'),
('utente4@example.com', 'User_4', 'Preferenze utente 4'),
('utente50@example.com', 'User_50', 'Preferenze utente 50'),
('utente5@example.com', 'User_5', 'Preferenze utente 5'),
('utente6@example.com', 'User_6', 'Preferenze utente 6'),
('utente7@example.com', 'User_7', 'Preferenze utente 7'),
('utente8@example.com', 'User_8', 'Preferenze utente 8'),
('utente9@example.com', 'User_9', 'Preferenze utente 9');

INSERT INTO "user_interests" ("user_email", "category") VALUES
('utente10@example.com', 'Intrattenimento, Arte e Cultura'),
('utente10@example.com', 'Salute e bellezza'),
('utente10@example.com', 'Elettronica'),
('utente11@example.com', 'Intrattenimento, Arte e Cultura'),
('utente11@example.com', 'Salute e bellezza'),
('utente11@example.com', 'Cartoleria, regali, libri, giornali'),
('utente12@example.com', 'Cartoleria, regali, libri, giornali'),
('utente13@example.com', 'Ristorazione'),
('utente14@example.com', 'Intrattenimento, Arte e Cultura'),
('utente15@example.com', 'Ristorazione'),
('utente16@example.com', 'Intrattenimento, Arte e Cultura'),
('utente17@example.com', 'Ristorazione'),
('utente17@example.com', 'Abbigliamento, scarpe, accessori'),
('utente17@example.com', 'Salute e bellezza'),
('utente18@example.com', 'Ristorazione'),
('utente18@example.com', 'Intrattenimento, Arte e Cultura'),
('utente18@example.com', 'Cibo e bevande'),
('utente19@example.com', 'Intrattenimento, Arte e Cultura'),
('utente1@example.com', 'Cartoleria, regali, libri, giornali'),
('utente20@example.com', 'Abbigliamento, scarpe, accessori'),
('utente20@example.com', 'Salute e bellezza'),
('utente21@example.com', 'Cibo e bevande'),
('utente22@example.com', 'Cartoleria, regali, libri, giornali'),
('utente23@example.com', 'Salute e bellezza'),
('utente24@example.com', 'Ristorazione'),
('utente24@example.com', 'Abbigliamento, scarpe, accessori'),
('utente25@example.com', 'Ristorazione'),
('utente25@example.com', 'Cibo e bevande'),
('utente25@example.com', 'Salute e bellezza'),
('utente26@example.com', 'Intrattenimento, Arte e Cultura'),
('utente26@example.com', 'Cibo e bevande'),
('utente27@example.com', 'Intrattenimento, Arte e Cultura'),
('utente27@example.com', 'Abbigliamento, scarpe, accessori'),
('utente27@example.com', 'Elettronica'),
('utente28@example.com', 'Cibo e bevande'),
('utente28@example.com', 'Abbigliamento, scarpe, accessori'),
('utente28@example.com', 'Elettronica'),
('utente29@example.com', 'Ristorazione'),
('utente29@example.com', 'Salute e bellezza'),
('utente2@example.com', 'Intrattenimento, Arte e Cultura'),
('utente2@example.com', 'Salute e bellezza'),
('utente2@example.com', 'Cartoleria, regali, libri, giornali'),
('utente30@example.com', 'Intrattenimento, Arte e Cultura'),
('utente30@example.com', 'Abbigliamento, scarpe, accessori'),
('utente31@example.com', 'Intrattenimento, Arte e Cultura'),
('utente31@example.com', 'Cartoleria, regali, libri, giornali'),
('utente32@example.com', 'Cibo e bevande'),
('utente32@example.com', 'Salute e bellezza'),
('utente33@example.com', 'Abbigliamento, scarpe, accessori'),
('utente33@example.com', 'Salute e bellezza'),
('utente33@example.com', 'Cartoleria, regali, libri, giornali'),
('utente34@example.com', 'Ristorazione'),
('utente34@example.com', 'Abbigliamento, scarpe, accessori'),
('utente34@example.com', 'Cartoleria, regali, libri, giornali'),
('utente35@example.com', 'Ristorazione'),
('utente35@example.com', 'Abbigliamento, scarpe, accessori'),
('utente35@example.com', 'Elettronica'),
('utente36@example.com', 'Ristorazione'),
('utente37@example.com', 'Cibo e bevande'),
('utente37@example.com', 'Salute e bellezza'),
('utente37@example.com', 'Cartoleria, regali, libri, giornali'),
('utente38@example.com', 'Ristorazione'),
('utente38@example.com', 'Intrattenimento, Arte e Cultura'),
('utente39@example.com', 'Intrattenimento, Arte e Cultura'),
('utente39@example.com', 'Cibo e bevande'),
('utente39@example.com', 'Salute e bellezza'),
('utente3@example.com', 'Ristorazione'),
('utente3@example.com', 'Salute e bellezza'),
('utente3@example.com', 'Cartoleria, regali, libri, giornali'),
('utente40@example.com', 'Ristorazione'),
('utente40@example.com', 'Abbigliamento, scarpe, accessori'),
('utente40@example.com', 'Cartoleria, regali, libri, giornali'),
('utente41@example.com', 'Ristorazione'),
('utente41@example.com', 'Elettronica'),
('utente42@example.com', 'Ristorazione'),
('utente42@example.com', 'Abbigliamento, scarpe, accessori'),
('utente42@example.com', 'Salute e bellezza'),
('utente43@example.com', 'Abbigliamento, scarpe, accessori'),
('utente44@example.com', 'Cartoleria, regali, libri, giornali'),
('utente45@example.com', 'Cibo e bevande'),
('utente45@example.com', 'Salute e bellezza'),
('utente46@example.com', 'Intrattenimento, Arte e Cultura'),
('utente46@example.com', 'Abbigliamento, scarpe, accessori'),
('utente46@example.com', 'Salute e bellezza'),
('utente47@example.com', 'Intrattenimento, Arte e Cultura'),
('utente47@example.com', 'Salute e bellezza'),
('utente48@example.com', 'Ristorazione'),
('utente48@example.com', 'Cartoleria, regali, libri, giornali'),
('utente49@example.com', 'Intrattenimento, Arte e Cultura'),
('utente49@example.com', 'Abbigliamento, scarpe, accessori'),
('utente4@example.com', 'Ristorazione'),
('utente4@example.com', 'Intrattenimento, Arte e Cultura'),
('utente4@example.com', 'Salute e bellezza'),
('utente50@example.com', 'Intrattenimento, Arte e Cultura'),
('utente50@example.com', 'Salute e bellezza'),
('utente50@example.com', 'Cartoleria, regali, libri, giornali'),
('utente5@example.com', 'Cibo e bevande'),
('utente6@example.com', 'Cibo e bevande'),
('utente7@example.com', 'Ristorazione'),
('utente7@example.com', 'Elettronica'),
('utente7@example.com', 'Cartoleria, regali, libri, giornali'),
('utente8@example.com', 'Intrattenimento, Arte e Cultura'),
('utente8@example.com', 'Cibo e bevande'),
('utente8@example.com', 'Abbigliamento, scarpe, accessori'),
('utente9@example.com', 'Intrattenimento, Arte e Cultura'),
('utente9@example.com', 'Cartoleria, regali, libri, giornali');

INSERT INTO "rents" ("id", "bike_id", "user_email", "is_closed") VALUES
(1, 1, 'utente1@example.com', 'f'),
(2, 2, 'utente2@example.com', 'f'),
(3, 3, 'utente3@example.com', 'f'),
(4, 4, 'utente4@example.com', 'f'),
(5, 5, 'utente5@example.com', 'f'),
(6, 6, 'utente6@example.com', 'f'),
(7, 7, 'utente1@example.com', 'f'),
(8, 8, 'utente2@example.com', 'f'),
(9, 9, 'utente3@example.com', 'f'),
(10, 10, 'utente4@example.com', 'f'),
(11, 11, 'utente5@example.com', 'f'),
(12, 12, 'utente6@example.com', 'f'),
(13, 13, 'utente13@example.com', 'f'),
(14, 14, 'utente14@example.com', 'f'),
(15, 15, 'utente15@example.com', 'f'),
(16, 16, 'utente16@example.com', 'f'),
(17, 17, 'utente17@example.com', 'f'),
(18, 18, 'utente18@example.com', 'f');