DROP TYPE IF EXISTS category_enum CASCADE;

DROP TABLE IF EXISTS users cascade;
DROP TABLE IF EXISTS bikes cascade;
DROP TABLE IF EXISTS rents cascade;
DROP TABLE IF EXISTS merchants cascade;
DROP TABLE IF EXISTS points_of_interest cascade;
DROP INDEX IF EXISTS idx_points_of_interest_location;
DROP TABLE IF EXISTS advertisements cascade;
DROP TABLE IF EXISTS positions cascade;
DROP TABLE IF EXISTS user_interests CASCADE;
DROP TABLE IF EXISTS poi_hours CASCADE;

CREATE TABLE users
(
    id          SERIAL PRIMARY KEY,
    name        TEXT NOT NULL,
    email       TEXT NOT NULL,
    preferences TEXT
);

CREATE TYPE category_enum AS ENUM ('Ristorazione','Istruzione','Trasporti','Servizi finanziari','Sanità','Servizi pubblici',
    'Gestione dei rifiuti','Intrattenimento, Arte e Cultura', 'Strutture', 'Cibo e bevande',
    'Negozio generico, grande magazzino, centro commerciale','Abbigliamento, scarpe, accessori',
    'Negozio sconti, enti di beneficenza','Salute e bellezza','Fai da te, casalinghi, materiali edili, giardinaggio',
    'Arredamento e interni','Elettronica','Attività esterne, sport e veicoli', 'Arte, musica, hobby',
    'Cartoleria, regali, libri, giornali');

CREATE TABLE user_interests
(
    user_id  SERIAL        NOT NULL REFERENCES users (id) ON DELETE CASCADE,
    category category_enum NOT NULL,
    PRIMARY KEY (user_id, category)
);

CREATE TABLE bikes
(
    id SERIAL PRIMARY KEY
);

CREATE TABLE rents
(
    id        SERIAL NOT NULL PRIMARY KEY,
    bike_id   SERIAL NOT NULL REFERENCES bikes (id) ON DELETE CASCADE,
    user_id   SERIAL NOT NULL REFERENCES users (id) ON DELETE CASCADE,
    is_closed BOOL   NOT NULL DEFAULT FALSE
);

CREATE TABLE positions
(
    time_stamp TIMESTAMP WITH TIME ZONE,
    rent_id    SERIAL NOT NULL REFERENCES rents (id) ON DELETE CASCADE,
    latitude   REAL   NOT NULL,
    longitude  REAL   NOT NULL,
    PRIMARY KEY (time_stamp, rent_id)
);

CREATE TABLE merchants
(
    vat  CHAR(11) NOT NULL PRIMARY KEY,
    name TEXT     NOT NULL
);

CREATE TABLE points_of_interest
(
    id           SERIAL PRIMARY KEY,
    merchant_vat CHAR(11)      NOT NULL REFERENCES merchants (vat) ON DELETE CASCADE,
    name         TEXT          NOT NULL,
    latitude     REAL          NOT NULL,
    longitude    REAL          NOT NULL,
    category     category_enum NOT NULL,
    description  TEXT          NOT NULL
);

CREATE INDEX idx_points_of_interest_location ON points_of_interest USING GIST (ST_SetSRID(ST_MakePoint(longitude, latitude), 4326));

CREATE TABLE poi_hours
(
    poi_id      SERIAL              NOT NULL REFERENCES points_of_interest (id) ON DELETE CASCADE,
    day_of_week INT                 NOT NULL CHECK (day_of_week <= 7 AND day_of_week >= 1),
    open_at     TIME WITH TIME ZONE NOT NULL,
    close_at    TIME WITH TIME ZONE NOT NULL,
    CHECK (close_at > open_at),
    PRIMARY KEY (poi_id, day_of_week)
);

CREATE TABLE advertisements
(
    id                  SERIAL                   NOT NULL PRIMARY KEY,
    time_stamp_position TIMESTAMP WITH TIME ZONE NOT NULL,
    rent_id_position    SERIAL                   NOT NULL,
    poi_id              SERIAL                   NOT NULL REFERENCES points_of_interest (id) ON DELETE CASCADE,
    adv                 TEXT,
    FOREIGN KEY (time_stamp_position, rent_id_position) REFERENCES positions (time_stamp, rent_id),
    UNIQUE (time_stamp_position, rent_id_position)
);



-- -------------------------------------------------------------
-- (maybe) Temporary mock data
-- -------------------------------------------------------------


INSERT INTO "public"."bikes" ("id") VALUES
(1);
INSERT INTO "public"."bikes" ("id") VALUES
(2);
INSERT INTO "public"."bikes" ("id") VALUES
(3);
INSERT INTO "public"."bikes" ("id") VALUES
(4);
INSERT INTO "public"."bikes" ("id") VALUES
(5);
INSERT INTO "public"."bikes" ("id") VALUES
(6);
INSERT INTO "public"."bikes" ("id") VALUES
(7);
INSERT INTO "public"."bikes" ("id") VALUES
(8);
INSERT INTO "public"."bikes" ("id") VALUES
(9);
INSERT INTO "public"."bikes" ("id") VALUES
(10);

INSERT INTO "public"."users" ("id", "name", "email", "preferences") VALUES
(1, 'Andrea Perozzo', 'andreaperozzo@gmail.com', 'Non mi piace l''alcool e non adoro i fritti, ma vado matto per la carne'),
(2, 'Luca Zaia', 'lucazaia@gmail.com', 'Non mi piace l''alcool e non adoro i fritti, ma vado matto per la carne'),
(3, 'Mario Rossi', 'mariorossi@gmail.com', 'Non mi piace l''alcool e non adoro i fritti, ma vado matto per la carne'),
(4, 'Checco Zalone', 'checcozalone@gmail.com', 'Non mi piace l''alcool e non adoro i fritti, ma vado matto per la carne'),
(5, 'Andrea Precoma', 'andreaprecoma@gmail.com', 'Non mi piace l''alcool e non adoro i fritti, ma vado matto per la carne'),
(6, 'Riccardo Milan', 'riccardomilan@gmail.com', 'Non mi piace l''alcool e non adoro i fritti, ma vado matto per la carne'),
(7, 'Klaudio Merja', 'klaudiomerja@gmail.com', 'Non mi piace l''alcool e non adoro i fritti, ma vado matto per la carne'),
(8, 'Davide Picello', 'davidepicello@gmail.com', 'Non mi piace l''alcool e non adoro i fritti, ma vado matto per la carne'),
(9, 'Davide Marin', 'davidemarin@gmail.com', 'Non mi piace l''alcool e non adoro i fritti, ma vado matto per la carne'),
(10, 'Davide Martinelli', 'davidemartinelli@gmail.com', 'Non mi piace l''alcool e non adoro i fritti, ma vado matto per la carne');


INSERT INTO "public"."merchants" ("vat", "name") VALUES
('99101375632', 'Zairo'),
('99104512025', 'Krishna'),
('99106108781', 'N260'),
('99106472994', 'Libreriauniversitaria'),
('99106723116', 'Glamour'),
('99108399888', 'Piazza dei Signori'),
('9911215009 ', 'L''Ortomercato di Cocchio Barbara'),
('99120390392', 'Chocolat'),
('99123930481', 'Centro per le famiglie'),
('99129541302', 'Padaride Caffè'),
('99130680310', 'La bottega del prosciutto'),
('99131176561', 'Bisicchia Rusticheria Siciliana'),
('99131787964', 'Michelon Massimo'),
('9913371960 ', 'Erboristeria Demetra'),
('99137862576', 'Cannell@ice'),
('99138370395', 'Kebab Pizza'),
('99138956925', 'In.gredienti'),
('99141187492', 'Macelleria Tasca'),
('99141267035', 'Salone Mara'),
('99141608510', 'Bianchetto''s Ice Cream'),
('99142493717', 'Cooperativa sociale Coislha'),
('99144473016', 'Trattoria al Bersagliere'),
('99146567409', 'Euroverde'),
('99147483805', 'Pizzeria Perdinci'),
('99151293937', 'Ethnic World'),
('99156220054', 'Chic and Cheap'),
('99162227291', 'L''intermezzo'),
('99163624890', 'N328'),
('99164675137', 'Porsche'),
('99168386196', 'DaiDue, Antica Salumeria Guarnieri'),
('99169210679', 'Piano Terra'),
('99170197173', 'Enotavola'),
('99170469163', 'Osteria Antica Colonna'),
('99170996799', 'Faggian Fabio'),
('99172033192', 'Run atletica & podismo'),
('99173810494', 'PittaRosso'),
('99174450182', 'Manin'),
('99177664637', 'Santa La Diabla'),
('99178654169', 'Extralux Lindhaus'),
('99179288436', 'Edicola 136'),
('99180309948', 'L''Abbuffata Ristorante Pizzeria'),
('9918493294 ', 'Versi riBelli'),
('99187117269', 'Associazione Centro Studi Antoniani'),
('99189397397', 'Gigglemugs - Dreaming Academy'),
('99189878802', 'Modulnova'),
('99190906302', 'Pasticceria Chantilly'),
('99195639752', 'Modi Bar Cafè'),
('99212000728', 'Alla palma'),
('99212542400', 'VisionOttica'),
('99216878600', 'Fenice'),
('99217633498', 'Despar express'),
('99220992937', 'Caffetteria René'),
('99221804698', 'Decathlon'),
('99223753427', 'Farmacia Internazionale'),
('99223799839', 'IP'),
('99224831458', 'Trenfor'),
('99227557052', 'Caffé Tommaseo'),
('99228619805', 'Rtg srl'),
('9923153160 ', 'Fioreria Barbiero'),
('9923197448 ', 'Macelleria Michelotto'),
('99234038536', 'N241'),
('99234526186', 'Dan John'),
('99235999321', 'Velasche'),
('99236739186', 'Prof. Alberto Staffieri'),
('99237366008', 'Forme'),
('99238127166', 'Bar Caffè Diemme'),
('99240546709', 'Autofficina Citroën | Ghiraldo & Autoin'),
('9924430685 ', 'San Sushi Padova'),
('99245306352', 'Eni'),
('99245576876', 'Delizie del Forno'),
('99249204137', 'Salumeria Al Carmine'),
('99249519278', 'Autoscuola Volante d''oro'),
('9924976326 ', 'Crédit Agricole'),
('99250206093', 'Macelleria Equina di Fabio Pastore'),
('99250379496', 'Macelleria Canton'),
('99253567036', 'Bella Napoli'),
('99254247302', 'Juice'),
('99255144760', 'Bar Caffé al Duomo'),
('99255408370', 'Panificio Garbo'),
('99256384153', 'Arredissima'),
('99259247477', 'Riflesso Donna'),
('99259639396', 'Tortellini Roberto'),
('99260301511', 'Via Palestro / Monte Cengio'),
('99263764235', 'N256'),
('99265144472', 'Yves Rocher'),
('99266987982', 'VM'),
('99267552934', 'Cicli Berma'),
('99267859874', 'Le Moiacche - Azienda Agricola Ortofrutta'),
('99268867729', 'Barby Bar'),
('9926924310 ', 'Riparazione elettrodomestici'),
('99271500483', 'Biosapori'),
('99275710628', 'Bottega delle Arti'),
('99278570344', 'Paulaner'),
('99279324202', 'Gelmarket'),
('99281951900', 'Aule RH'),
('99290968437', 'Ottica Zaramella'),
('99292171151', 'N324'),
('99296704922', 'Gaudi Bar'),
('99302472357', 'Esso'),
('99304279354', 'Ambulatorio Medico'),
('99306866238', 'Farmacia Comunale Palestro'),
('99308006907', 'Rap'),
('99315733520', 'dr. Fortunato Loprete'),
('9931861251 ', 'Handa'),
('99318631019', 'Movida Calzature'),
('99319357526', 'Peccati di Gola'),
('99319407008', 'Pizza - Kebab'),
('99319499185', 'Sole di pizza'),
('99320468587', 'Scuola Elementare "Reggia Carrarese"'),
('99322724145', 'Moncler'),
('99325815942', 'BPF Auto snc.'),
('9932977657 ', 'Kè Bolà Cuba'),
('99334232547', 'Corradini'),
('99334647614', 'Bar al Bacaro'),
('9934313864 ', 'Carrozzeria Nuova Milano'),
('99344325508', 'Eurospar'),
('99344523239', 'Cake Studio'),
('99344666837', 'Fattoria alle origini - specialità bio'),
('99352869673', 'AF Petroli'),
('99353982772', 'Ambulatorio Veterinario Padova Vet'),
('99355943363', 'Los Andes'),
('99356611472', 'Pane e sfizi'),
('99357414306', 'N219'),
('99357584473', 'Shabani Veis Negozio di biciclette'),
('99362425401', 'Trattoria all''Olmo'),
('99363026513', 'Credit Suisse'),
('99364891818', 'N338'),
('99368436141', 'Chateau d''Ax'),
('99369807858', 'N244'),
('99371872012', 'DoDo'),
('99374220222', 'Campello Motors'),
('99374392558', 'Scuola primaria "Gianna Beretta"'),
('99375360294', 'Tigotà'),
('99375922484', 'UniCredit Banca'),
('99376212556', 'Unica x te'),
('99376590217', 'Ciclofficina La Mente Comune'),
('99378116469', 'Beauty Fashion Gallery by Sergio'),
('99384465310', 'Hostaria Piave'),
('99385347137', 'Il Punto'),
('99385778663', 'Auto 5'),
('99387589648', 'Pasticceria, caffetteria, cioccolateria Novello'),
('99393706066', 'Eroica caffè Padova'),
('99395133292', 'Bar'),
('99395374700', 'Brandolese'),
('99397097185', 'Casetta Giardino Cavalleggeri'),
('9939896674 ', 'Il Telaio Bike Café'),
('99400123770', 'Amsterdam Eat Drink and Show'),
('99405966493', 'Vodafone'),
('99408377067', 'Sisley'),
('99410785731', 'Cassa di risparmio del Veneto'),
('99411204476', 'Les Arcades'),
('99413839924', 'Bistrò Net Tower'),
('99415372490', 'Panificio Pasticceria Caffetteria Soranzo'),
('9942050100 ', 'GVDR Centro Medico Fisioguizza'),
('99420769574', 'Lo spaccio del vero parmigiano da Emilio'),
('99421034786', 'N230'),
('994254824  ', 'Zuiki'),
('99429263000', 'Edicola 2030'),
('9942937864 ', 'Bar Santa Sofia'),
('99430334759', 'Comune / Prefettura / Università'),
('99430581689', 'EuroSpin'),
('99433225195', 'Barcode'),
('99436743059', 'MAV Bar'),
('9943693087 ', 'Panificio Maran'),
('99439034626', 'Friso Computer'),
('9944148078 ', 'Libreria Progetto VIa Bassi'),
('99445481683', 'Costantin'),
('99447721454', 'Brunch Republic'),
('99450123372', 'Cinti'),
('99450382097', 'Agip'),
('99451170294', 'Libreria dei ragazzi'),
('99452517499', 'Park Padova Stazione - interparking italia Srl'),
('99453958141', 'NaturaSì'),
('99455150771', 'N318'),
('99460031615', 'Eco Store'),
('99461759049', 'Pizzeria Al Don'),
('99461909152', 'Cassa di Risparmio del Veneto'),
('99462441728', 'Scuola Primaria Falcone e Borsellino'),
('99463476032', 'Gillo'),
('99463813389', 'Orsini'),
('99463977372', 'Bar Ristorantino Aladino'),
('99466155648', 'Calzedonia'),
('99467719251', 'Il Venexino - Nonsolocaffé'),
('99469613543', 'Intimissimi'),
('99480131849', 'Punto di ritrovo - Pinsa Romana'),
('99481247503', 'Intesa Sanpaolo'),
('99481859105', 'Da Giggino - Rosticceria'),
('99485618579', 'Panificio Rigoni'),
('99486399366', 'Padova 3'),
('99486630498', 'Enoteca La Moscheta'),
('99492838227', 'Molena Bike Service'),
('99493474560', 'Nuovo posto'),
('99496130761', 'Pasticceria Giotto'),
('99496338003', 'UniCredit Bank'),
('99499288435', 'Riflessi'),
('99499827842', 'Bar Pizzeria Ristorante Giordano'),
('99501298948', 'Bar Barcellona'),
('9950136870 ', 'Doctor Bike'),
('99505809136', 'Jean Louis David'),
('99513329447', 'Orthomedica'),
('99515909930', 'N233'),
('99516209334', 'Panetteria Carlotta'),
('9951789912 ', 'Fiera'),
('99520886407', 'Edificio Fisica - Polo didattico (ex biologia) - Università di Padova'),
('99521607404', 'Auto tracce'),
('99522536126', 'And Camicie'),
('99522549905', 'Cama''ffare'),
('99525946583', 'Le Midi'),
('99529900118', 'Al Buscaglione'),
('99531149441', 'Vinoteca Foster'),
('99533257387', 'Libreria San Paolo Gregoriana'),
('99533738359', 'Galloway Padova'),
('99534707759', 'In''s Mercato'),
('99535088979', 'Edicola ViaVai'),
('99535645915', 'Sportler'),
('99535717060', 'Passione & Birra'),
('99537271684', 'Wok Sushi Padova Ristorante'),
('99538945073', 'Le Sablon'),
('99541075870', 'Ghiraldin gioielli'),
('99541768351', 'Dolce Gelato'),
('99544365719', 'Wind Tre'),
('99544935002', 'Balobino'),
('99547957233', 'River Bistrò'),
('9954942150 ', 'Tega'),
('99553909521', 'Pam Local'),
('99555584360', 'Chiesanuova'),
('99560091879', 'Fincato'),
('99560685018', 'Trattoria da Dante alle Piazze'),
('99560745923', 'Ristorante Zaramella'),
('99561909466', 'Alice'),
('99563480497', 'Ortopedia Antoniana'),
('99563798784', 'N285'),
('99564324358', 'Istituto Barbarigo'),
('9956510317 ', 'Bar Gelateria Gianni'),
('99566144995', 'Pizzeria per asporto Piczas'),
('99566772361', 'Multisala MPX'),
('99569516343', 'Sephora'),
('99570841518', 'Al Borgo Vecio Pizzeria'),
('99576362776', 'Scuola media Zanella'),
('9957839118 ', 'Geox'),
('99580767977', 'Monkey Bar'),
('99581510606', 'Bar Briciola'),
('99584202347', 'Scuola Primaria Salvo D''Acquisto'),
('99588780059', 'Capolinea Sud Tram'),
('99588869940', 'Recover'),
('9959049695 ', 'Genny''s Pizza'),
('99591047694', 'Trattoria Orazio'),
('99591938346', 'Interspar'),
('99595047534', 'Du Pareil Au Même'),
('99595301081', 'Melograno'),
('99599269630', 'Al Trombon'),
('99609503622', 'Mercatino Franchising Padova'),
('99609921842', 'Farmacia Meltias'),
('99611539518', 'Da Pino'),
('99613138453', 'Forpen'),
('99623278412', 'Scuola Materna Pio X'),
('9962874951 ', 'Riviera Tito Livio'),
('9963057493 ', 'N327'),
('99630807635', 'Piccola Padova'),
('99631390254', 'Manicaretti et Cetera'),
('99632151457', 'Televista'),
('99634924502', 'Fiere'),
('99639372639', 'Wok Time'),
('99639586680', 'N264'),
('99642462208', 'Farmacia Giuliani'),
('99644402102', 'iN''s mercato'),
('99649645544', 'Monte dei Paschi di Siena'),
('9965000102 ', 'Umami'),
('99650996600', 'Banco 47'),
('99653034420', 'Caffè Corso'),
('99654824212', 'AudioNova'),
('99655415427', 'Bar Palestro'),
('99655940245', 'Banca Etica'),
('99656110804', 'Pasticceria Estense'),
('99660831198', 'Idea Pizza Arcella'),
('99661374323', 'Carpe Diem'),
('99664585532', 'Victoria Sisters & Beauty'),
('99668404804', 'Caminetto Blu'),
('99672626534', 'Studio Dentistico Scapin Marco'),
('99674621552', 'Tamoil'),
('99677244083', 'Total'),
('99678077637', 'N329'),
('99680163320', 'Istituto di Cultura Italo Tedesca'),
('99682105027', 'Parafarmacia ÈQUI'),
('99683036882', 'Macelleria da Nicola'),
('99683837816', 'La Sanitaria'),
('99686867783', 'Osteria Barabba'),
('99689772130', 'N293'),
('99690754010', 'Doctor Glass'),
('99690990065', 'Amelia'),
('9969139957 ', 'Pizza 180 Grammi'),
('99691523750', 'Conad'),
('99692261212', 'Trattoria 7 Teste Pizza Concept'),
('99692472373', 'Qui Mangio da Giorgio'),
('99692493147', 'Santa Sofia'),
('99693038151', 'Ginza'),
('99697731129', 'Pam'),
('99700861440', 'Washi'),
('99702261243', 'Atelier Maretti'),
('99704993214', 'Opificio'),
('99705938212', 'Biblioteca del Seminario - Sezione Antica'),
('99707760183', 'Bar Al Municipio'),
('99707767010', 'I Love Poke'),
('99708913427', 'Casa del Guanto'),
('9970957587 ', 'Frangipane'),
('99712954437', 'Farmacia Dott. Antonio Carraro'),
('99719115548', 'Navigli'),
('9972183676 ', 'Centro Giovanile Antonianum'),
('99722642426', 'Banca di Romagna'),
('99725742504', 'MD'),
('99725909015', 'Alimentari Sumiti'),
('99733640927', 'Alì'),
('99733654610', 'Sacro Cuore'),
('99734234986', 'Rensi'),
('99735952237', 'Poste italiane'),
('99741472425', 'Dojo Snack'),
('99744386552', 'Gelateria GROM'),
('99746638405', 'Heart Café'),
('99746885595', 'Antico Forno'),
('99748326826', 'Farmacia Moderna Bartoli'),
('99750306867', 'Padova 6'),
('99751483585', 'Caffetteria Facciolati'),
('99754022629', 'Libreria Universitaria'),
('99755743668', 'Due Ruote'),
('9975676615 ', 'Casa del contachilometri'),
('99758978772', 'Api'),
('99759796533', 'TIM'),
('99759994652', 'Socks'),
('99761707994', 'Teatro Maddalene'),
('99764227290', 'Farmacia Sarmeola'),
('99768421776', 'N221'),
('99769540139', 'Casa in Luce'),
('99771313585', 'Metà'),
('99778991130', 'Flexo Club'),
('99779425419', 'Farmacia Mortise'),
('99781639017', 'Pasticceria La Piazzetta'),
('99785969983', 'Credem'),
('99786687378', 'Gelogolosia'),
('99787727241', 'San Fermo Gioielli'),
('99788001198', 'Klasnye o4ki'),
('99797596810', 'Biglietteria Palazzo del Bo'),
('99802176138', 'GrandVision by Optissimo'),
('99804441417', 'N227'),
('99805124118', 'daPrette'),
('99805221526', 'Antica Cina'),
('99810221253', 'Citroën | Ghiraldo & Autoin'),
('99813507728', 'Piccolo Cucciolo'),
('99814318465', 'Family Caffè'),
('99817084074', 'C-Flat Officine musicali'),
('99818260354', 'Farmacia alla Stanga'),
('99818285090', 'Factory'),
('99821096187', 'Il Belzonino Cafè'),
('99825126862', 'Meneghetti'),
('9982958960 ', 'Comando Interregionale Carabinieri Vittorio Veneto'),
('99830049858', 'Casa della giovane-Piccole suore della sacra famiglia'),
('998301868  ', 'Cannabis store Amsterdam'),
('99832230203', 'Panificio Caffe'' Androni'),
('9983430823 ', 'Warhammer'),
('99838662495', 'CRAI Voltabarozo'),
('99842898915', 'Sawalhi Dr. M'),
('99843312978', 'Q8easy'),
('998468896  ', 'Despar'),
('99849221957', 'Shanghai'),
('99850876763', 'N304'),
('99850944312', 'Punto Bagno'),
('99857962840', 'Superauto Volkswagen'),
('99860141070', 'Tap'),
('99862835141', 'Starbucks'),
('99864041675', 'Erg'),
('99865234210', 'Osteria La Sofia'),
('99866768860', 'Q8'),
('99874167971', 'Combat Arena'),
('99876724869', 'Casa del Parmigiano'),
('99878383588', 'Oysho'),
('9987947439 ', 'Zanzibar'),
('99879701642', 'Nadhì'),
('99882661707', 'Il Malandrino'),
('99886772094', 'Trattoria San Pietro'),
('99886948466', 'Pizzeria Da Giorgia'),
('99888392804', 'Volturno'),
('99888394301', 'Il forno del buon pane'),
('99890213259', 'Corte Sconta'),
('99890624437', 'Comet'),
('99891314273', 'Autofficina Fiat | Rizzo Andrea'),
('99892091134', 'Festival Bar'),
('9989517497 ', 'Carabinieri Forestale Padova'),
('9989517744 ', 'G. & L. Callegari'),
('99898864409', 'Gucci'),
('9990763039 ', 'Antichità Missaglia'),
('99908761264', 'Pellizzari'),
('99909477231', 'G bar 2.0'),
('99910774428', 'Studio Dott.ssa Elisa Cerantola'),
('99911863849', 'Planetario di Padova'),
('99915380960', 'Macron Sports Hub'),
('99916309004', 'Disco Pachuca'),
('99917841105', 'Caffé del Borgo'),
('99918197546', 'Antonio Ferrari'),
('99918812113', 'Intesa San Paolo'),
('99918944668', 'Idroluce'),
('99922552761', 'Unieuro'),
('99923878440', 'Ristorante Da Artemio'),
('99924690654', 'Hair Nicola Revolution'),
('99927382031', 'Birrolandia'),
('99927803837', 'Colpi di Spazzola'),
('99927918667', 'Primadonna'),
('99928735926', 'Anguriara Da Giovanni'),
('99932884863', 'Comando Stazione dei Carabinieri Sarmeola di Rubano'),
('99936132210', 'CIESSE Laboratorio di orologeria'),
('99937608244', 'Banca Popolare Etica - Filiale di Padova'),
('99938190578', 'Dipartimento ICEA, sede di Lungargine Rovetta, Univeristà di Padova'),
('99938534135', 'Erboristeria Artiglio del diavolo'),
('99941101666', 'Farmacia Arcella'),
('99941610504', 'Cafe Collant'),
('99942117804', 'Busa dei Briganti'),
('99943890838', 'Gelateria Come un pittore'),
('99944534848', 'Padova Centrale'),
('99946390692', 'Piazza al Taglio'),
('99950569188', 'Forbici Pizza Crunch'),
('9995504092 ', 'N294'),
('99955602161', 'Erboristeria Barbarigo'),
('99958385945', 'Scuola Galileiana - Segreteria e Direzione'),
('99958432052', 'New Life Cafè'),
('99963323633', 'L''artificio Battagin'),
('99964042385', 'Bar al Museo'),
('99964507266', 'Naue Bonà'),
('99970466373', 'Giò'),
('99971686274', 'Original Marines'),
('99972398443', 'Bar 89'),
('99974889604', 'N307'),
('99975268001', 'Gastronomia Buonarroti'),
('99976450268', 'Cinema Lux'),
('99976514140', 'Ducati'),
('99982201436', 'ODStore Padova'),
('99983816640', 'N255'),
('99987761793', 'Al 119 Bar'),
('99991612371', 'Purolatte'),
('99992185180', 'Rocca'),
('99996564889', 'Bar Gozzi'),
('99996966747', 'Gustò');

INSERT INTO "public"."points_of_interest" ("id", "merchant_vat", "name", "latitude", "longitude", "category", "description") VALUES
(1, '99942117804', 'Busa dei Briganti', 45.41149, 11.862131, 'Ristorazione', 'pub'),
(2, '99533738359', 'Galloway Padova', 45.415382, 11.933162, 'Ristorazione', 'restaurant'),
(3, '99344666837', 'Fattoria alle origini - specialità bio', 45.407173, 11.875679, 'Cibo e bevande', 'convenience'),
(4, '99450382097', 'Agip', 45.390038, 11.879546, 'Trasporti', 'fuel'),
(5, '99970466373', 'Giò', 45.39145, 11.8737335, 'Ristorazione', 'cafe'),
(6, '99591938346', 'Interspar', 45.416412, 11.824347, 'Negozio generico, grande magazzino, centro commerciale', 'supermarket'),
(7, '99378116469', 'Beauty Fashion Gallery by Sergio', 45.405735, 11.875924, 'Salute e bellezza', 'hairdresser'),
(8, '99690990065', 'Amelia', 45.405308, 11.87637, 'Abbigliamento, scarpe, accessori', 'clothes'),
(9, '99866768860', 'Q8', 45.4282, 11.879696, 'Trasporti', 'fuel'),
(10, '99353982772', 'Ambulatorio Veterinario Padova Vet', 45.375866, 11.908382, 'Sanità', 'veterinary'),
(11, '9995504092 ', 'N294', 45.442383, 11.891473, 'Trasporti', 'parking_space'),
(12, '99655940245', 'Banca Etica', 45.40984, 11.874364, 'Servizi finanziari', 'bank'),
(13, '9924430685 ', 'San Sushi Padova', 45.416523, 11.829199, 'Ristorazione', 'restaurant'),
(14, '9931861251 ', 'Handa', 45.40841, 11.89257, 'Ristorazione', 'restaurant'),
(15, '9982958960 ', 'Comando Interregionale Carabinieri Vittorio Veneto', 45.398445, 11.87469, 'Servizi pubblici', 'police'),
(16, '99639586680', 'N264', 45.44245, 11.891119, 'Trasporti', 'parking_space'),
(17, '99805221526', 'Antica Cina', 45.414673, 11.880726, 'Ristorazione', 'restaurant'),
(18, '99249204137', 'Salumeria Al Carmine', 45.412376, 11.873605, 'Cibo e bevande', 'butcher'),
(19, '99697731129', 'Pam', 45.429993, 11.889361, 'Negozio generico, grande magazzino, centro commerciale', 'supermarket'),
(20, '99890624437', 'Comet', 45.419113, 11.936548, 'Elettronica', 'electronics'),
(21, '9918493294 ', 'Versi riBelli', 45.420856, 11.880594, 'Ristorazione', 'bar'),
(22, '99788001198', 'Klasnye o4ki', 45.405266, 11.879097, 'Salute e bellezza', 'beauty'),
(23, '99678077637', 'N329', 45.442234, 11.89116, 'Trasporti', 'parking_space'),
(24, '99591938346', 'Interspar', 45.436703, 11.893086, 'Negozio generico, grande magazzino, centro commerciale', 'supermarket'),
(25, '9990763039 ', 'Antichità Missaglia', 45.372982, 11.84798, 'Arredamento e interni', 'furniture'),
(26, '99733654610', 'Sacro Cuore', 45.43561, 11.869923, 'Trasporti', 'taxi'),
(27, '9923197448 ', 'Macelleria Michelotto', 45.37197, 11.858195, 'Cibo e bevande', 'butcher'),
(28, '99611539518', 'Da Pino', 45.40784, 11.878161, 'Ristorazione', 'restaurant'),
(29, '99541075870', 'Ghiraldin gioielli', 45.409607, 11.878902, 'Abbigliamento, scarpe, accessori', 'jewelry'),
(30, '99876724869', 'Casa del Parmigiano', 45.407207, 11.87517, 'Cibo e bevande', 'deli'),
(31, '99561909466', 'Alice', 45.4133, 11.8933115, 'Ristorazione', 'cafe'),
(32, '99344325508', 'Eurospar', 45.39892, 11.864128, 'Negozio generico, grande magazzino, centro commerciale', 'supermarket'),
(33, '99101375632', 'Zairo', 45.39793, 11.878554, 'Ristorazione', 'restaurant'),
(34, '99653034420', 'Caffè Corso', 45.413834, 11.879358, 'Ristorazione', 'cafe'),
(35, '99250379496', 'Macelleria Canton', 45.40736, 11.875226, 'Cibo e bevande', 'butcher'),
(36, '99938190578', 'Dipartimento ICEA, sede di Lungargine Rovetta, Univeristà di Padova', 45.386505, 11.910793, 'Istruzione', 'university'),
(37, '99735952237', 'Poste italiane', 45.442654, 11.893205, 'Servizi pubblici', 'post_office'),
(38, '99879701642', 'Nadhì', 45.40568, 11.876404, 'Abbigliamento, scarpe, accessori', 'shoes'),
(39, '99674621552', 'Tamoil', 45.427223, 11.900229, 'Trasporti', 'fuel'),
(40, '9972183676 ', 'Centro Giovanile Antonianum', 45.3983, 11.879699, 'Intrattenimento, Arte e Cultura', 'community_centre'),
(41, '99413839924', 'Bistrò Net Tower', 45.41617, 11.919403, 'Ristorazione', 'cafe'),
(42, '99174450182', 'Manin', 45.407185, 11.872889, 'Ristorazione', 'cafe'),
(43, '99741472425', 'Dojo Snack', 45.40128, 11.87568, 'Cibo e bevande', 'convenience'),
(44, '99541768351', 'Dolce Gelato', 45.410797, 11.949926, 'Ristorazione', 'cafe'),
(45, '99461909152', 'Cassa di Risparmio del Veneto', 45.410534, 11.8783, 'Servizi finanziari', 'bank'),
(46, '998468896  ', 'Despar', 45.40834, 11.875706, 'Negozio generico, grande magazzino, centro commerciale', 'supermarket'),
(47, '9975676615 ', 'Casa del contachilometri', 45.417553, 11.91675, 'Attività esterne, sport e veicoli', 'car_repair'),
(48, '99814318465', 'Family Caffè', 45.42761, 11.893628, 'Ristorazione', 'cafe'),
(49, '99566772361', 'Multisala MPX', 45.405148, 11.871182, 'Intrattenimento, Arte e Cultura', 'cinema'),
(50, '99786687378', 'Gelogolosia', 45.391853, 11.813912, 'Ristorazione', 'ice_cream'),
(51, '99325815942', 'BPF Auto snc.', 45.38594, 11.881399, 'Attività esterne, sport e veicoli', 'car'),
(52, '99376212556', 'Unica x te', 45.410603, 11.881171, 'Abbigliamento, scarpe, accessori', 'clothes'),
(53, '99253567036', 'Bella Napoli', 45.451355, 11.892213, 'Ristorazione', 'restaurant'),
(54, '99553909521', 'Pam Local', 45.406822, 11.874759, 'Cibo e bevande', 'convenience'),
(55, '99874167971', 'Combat Arena', 45.408516, 11.914007, 'Attività esterne, sport e veicoli', 'sports'),
(56, '99461909152', 'Cassa di Risparmio del Veneto', 45.39762, 11.872666, 'Servizi finanziari', 'bank'),
(57, '99505809136', 'Jean Louis David', 45.40602, 11.878967, 'Salute e bellezza', 'hairdresser'),
(58, '99173810494', 'PittaRosso', 45.41071, 11.905962, 'Abbigliamento, scarpe, accessori', 'shoes'),
(59, '99708913427', 'Casa del Guanto', 45.407055, 11.872863, 'Abbigliamento, scarpe, accessori', 'clothes'),
(60, '99725742504', 'MD', 45.3848, 11.897615, 'Negozio generico, grande magazzino, centro commerciale', 'supermarket'),
(61, '99722642426', 'Banca di Romagna', 45.412376, 11.883037, 'Servizi finanziari', 'bank'),
(62, '99936132210', 'CIESSE Laboratorio di orologeria', 45.379383, 11.903007, 'Abbigliamento, scarpe, accessori', 'jewelry'),
(63, '99918197546', 'Antonio Ferrari', 45.402744, 11.875587, 'Ristorazione', 'restaurant'),
(64, '99436743059', 'MAV Bar', 45.40813, 11.88219, 'Ristorazione', 'bar'),
(65, '99910774428', 'Studio Dott.ssa Elisa Cerantola', 45.458637, 11.900672, 'Sanità', 'doctors'),
(66, '99433225195', 'Barcode', 45.40805, 11.872871, 'Ristorazione', 'bar'),
(67, '99245306352', 'Eni', 45.39105, 11.947793, 'Trasporti', 'fuel'),
(68, '99866768860', 'Q8', 45.431656, 11.898113, 'Trasporti', 'fuel'),
(69, '99693038151', 'Ginza', 45.410908, 11.906745, 'Ristorazione', 'restaurant'),
(70, '99686867783', 'Osteria Barabba', 45.410934, 11.858006, 'Ristorazione', 'cafe'),
(71, '9965000102 ', 'Umami', 45.40844, 11.912115, 'Ristorazione', 'restaurant'),
(72, '9989517497 ', 'Carabinieri Forestale Padova', 45.420822, 11.8776, 'Servizi pubblici', 'police'),
(73, '99644402102', 'iN''s mercato', 45.395596, 11.889562, 'Negozio generico, grande magazzino, centro commerciale', 'supermarket'),
(74, '99787727241', 'San Fermo Gioielli', 45.411083, 11.875223, 'Abbigliamento, scarpe, accessori', 'jewelry'),
(75, '99655415427', 'Bar Palestro', 45.407238, 11.859322, 'Ristorazione', 'cafe'),
(76, '99862835141', 'Starbucks', 45.406578, 11.875839, 'Ristorazione', 'cafe'),
(77, '99911863849', 'Planetario di Padova', 45.40459, 11.894104, 'Intrattenimento, Arte e Cultura', 'planetarium'),
(78, '99564324358', 'Istituto Barbarigo', 45.402077, 11.873665, 'Istruzione', 'school'),
(79, '99146567409', 'Euroverde', 45.43033, 11.810652, 'Fai da te, casalinghi, materiali edili, giardinaggio', 'garden_centre'),
(80, '9963057493 ', 'N327', 45.442234, 11.891095, 'Trasporti', 'parking_space'),
(81, '99255144760', 'Bar Caffé al Duomo', 45.406696, 11.872748, 'Ristorazione', 'cafe'),
(82, '99266987982', 'VM', 45.41465, 11.924629, 'Attività esterne, sport e veicoli', 'car_parts'),
(83, '99461909152', 'Cassa di Risparmio del Veneto', 45.415222, 11.87587, 'Servizi finanziari', 'bank'),
(84, '9970957587 ', 'Frangipane', 45.402702, 11.872025, 'Abbigliamento, scarpe, accessori', 'clothes'),
(85, '99890213259', 'Corte Sconta', 45.405613, 11.87549, 'Ristorazione', 'bar'),
(86, '99937608244', 'Banca Popolare Etica - Filiale di Padova', 45.41663, 11.879331, 'Servizi finanziari', 'bank'),
(87, '99865234210', 'Osteria La Sofia', 45.406826, 11.883759, 'Ristorazione', 'restaurant'),
(88, '99195639752', 'Modi Bar Cafè', 45.377636, 11.862723, 'Ristorazione', 'cafe'),
(89, '99923878440', 'Ristorante Da Artemio', 45.43451, 11.933795, 'Ristorazione', 'restaurant'),
(90, '9923153160 ', 'Fioreria Barbiero', 45.402905, 11.860488, 'Fai da te, casalinghi, materiali edili, giardinaggio', 'florist'),
(91, '99106108781', 'N260', 45.442448, 11.891249, 'Trasporti', 'parking_space'),
(92, '99189397397', 'Gigglemugs - Dreaming Academy', 45.42542, 11.913036, 'Istruzione', 'dancing_school'),
(93, '99584202347', 'Scuola Primaria Salvo D''Acquisto', 45.42247, 11.89554, 'Istruzione', 'school'),
(94, '998468896  ', 'Despar', 45.399242, 11.828839, 'Negozio generico, grande magazzino, centro commerciale', 'supermarket'),
(95, '99170996799', 'Faggian Fabio', 45.419193, 11.877556, 'Attività esterne, sport e veicoli', 'bicycle'),
(96, '99950569188', 'Forbici Pizza Crunch', 45.405937, 11.878608, 'Ristorazione', 'restaurant'),
(97, '99306866238', 'Farmacia Comunale Palestro', 45.407276, 11.859017, 'Sanità', 'pharmacy'),
(98, '99164675137', 'Porsche', 45.39053, 11.949879, 'Attività esterne, sport e veicoli', 'car'),
(99, '99781639017', 'Pasticceria La Piazzetta', 45.38967, 11.8941555, 'Cibo e bevande', 'pastry'),
(100, '99496338003', 'UniCredit Bank', 45.406494, 11.872652, 'Servizi finanziari', 'atm'),
(101, '99271500483', 'Biosapori', 45.41137, 11.950008, 'Negozio generico, grande magazzino, centro commerciale', 'supermarket'),
(102, '99754022629', 'Libreria Universitaria', 45.407097, 11.877077, 'Cartoleria, regali, libri, giornali', 'books'),
(103, '99768421776', 'N221', 45.44261, 11.891108, 'Trasporti', 'parking_space'),
(104, '99991612371', 'Purolatte', 45.41022, 11.880514, 'Cibo e bevande', 'dairy'),
(105, '99842898915', 'Sawalhi Dr. M', 45.417866, 11.908068, 'Sanità', 'dentist'),
(106, '99924690654', 'Hair Nicola Revolution', 45.40258, 11.883293, 'Salute e bellezza', 'hairdresser'),
(107, '99525946583', 'Le Midi', 45.434856, 11.949834, 'Ristorazione', 'restaurant'),
(108, '99499288435', 'Riflessi', 45.410473, 11.881169, 'Abbigliamento, scarpe, accessori', 'jewelry'),
(109, '99521607404', 'Auto tracce', 45.428043, 11.914336, 'Attività esterne, sport e veicoli', 'tyres'),
(110, '99996564889', 'Bar Gozzi', 45.413574, 11.883611, 'Ristorazione', 'bar'),
(111, '99691523750', 'Conad', 45.417793, 11.861856, 'Negozio generico, grande magazzino, centro commerciale', 'supermarket'),
(112, '99235999321', 'Velasche', 45.408974, 11.8793, 'Abbigliamento, scarpe, accessori', 'clothes'),
(113, '99613138453', 'Forpen', 45.410797, 11.905867, 'Abbigliamento, scarpe, accessori', 'clothes'),
(114, '99915380960', 'Macron Sports Hub', 45.411606, 11.915449, 'Attività esterne, sport e veicoli', 'sports'),
(115, '99850944312', 'Punto Bagno', 45.412952, 11.838982, 'Fai da te, casalinghi, materiali edili, giardinaggio', 'bathroom_furnishing'),
(116, '99130680310', 'La bottega del prosciutto', 45.407223, 11.875376, 'Cibo e bevande', 'butcher'),
(117, '99123930481', 'Centro per le famiglie', 45.42154, 11.813135, 'Sanità', 'social_facility'),
(118, '99660831198', 'Idea Pizza Arcella', 45.427494, 11.894095, 'Ristorazione', 'fast_food'),
(119, '99725909015', 'Alimentari Sumiti', 45.407486, 11.885899, 'Cibo e bevande', 'convenience'),
(120, '9942050100 ', 'GVDR Centro Medico Fisioguizza', 45.383617, 11.865917, 'Sanità', 'clinic'),
(121, '99463813389', 'Orsini', 45.405457, 11.864649, 'Trasporti', 'bicycle_rental'),
(122, '99131176561', 'Bisicchia Rusticheria Siciliana', 45.40862, 11.880555, 'Ristorazione', 'restaurant'),
(123, '99778991130', 'Flexo Club', 45.40836, 11.90414, 'Intrattenimento, Arte e Cultura', 'nightclub'),
(124, '99944534848', 'Padova Centrale', 45.411022, 11.878176, 'Servizi pubblici', 'post_office'),
(125, '99683036882', 'Macelleria da Nicola', 45.40714, 11.875047, 'Cibo e bevande', 'butcher'),
(126, '99319499185', 'Sole di pizza', 45.393486, 11.885519, 'Ristorazione', 'fast_food'),
(127, '99707767010', 'I Love Poke', 45.41191, 11.908273, 'Ristorazione', 'fast_food'),
(128, '99460031615', 'Eco Store', 45.408318, 11.902164, 'Elettronica', 'printer_ink'),
(129, '99290968437', 'Ottica Zaramella', 45.40875, 11.88051, 'Salute e bellezza', 'optician'),
(130, '99267552934', 'Cicli Berma', 45.399338, 11.858146, 'Attività esterne, sport e veicoli', 'bicycle'),
(131, '99104512025', 'Krishna', 45.42114, 11.881296, 'Ristorazione', 'restaurant'),
(132, '99357414306', 'N219', 45.44261, 11.891172, 'Trasporti', 'parking_space'),
(133, '99221804698', 'Decathlon', 45.41163, 11.910707, 'Attività esterne, sport e veicoli', 'sports'),
(134, '99447721454', 'Brunch Republic', 45.40735, 11.8775215, 'Ristorazione', 'fast_food'),
(135, '99279324202', 'Gelmarket', 45.406956, 11.878344, 'Cibo e bevande', 'convenience'),
(136, '99466155648', 'Calzedonia', 45.408047, 11.876053, 'Abbigliamento, scarpe, accessori', 'clothes'),
(137, '99450382097', 'Agip', 45.401978, 11.858786, 'Trasporti', 'fuel'),
(138, '99320468587', 'Scuola Elementare "Reggia Carrarese"', 45.40768, 11.87096, 'Istruzione', 'school'),
(139, '99570841518', 'Al Borgo Vecio Pizzeria', 45.39462, 11.838133, 'Ristorazione', 'restaurant'),
(140, '99733640927', 'Alì', 45.42468, 11.877284, 'Negozio generico, grande magazzino, centro commerciale', 'supermarket'),
(141, '99450123372', 'Cinti', 45.41105, 11.87549, 'Abbigliamento, scarpe, accessori', 'shoes'),
(142, '99588869940', 'Recover', 45.42289, 11.941397, 'Elettronica', 'mobile_phone'),
(143, '99415372490', 'Panificio Pasticceria Caffetteria Soranzo', 45.40891, 11.889399, 'Ristorazione', 'cafe'),
(144, '9989517744 ', 'G. & L. Callegari', 45.410664, 11.88122, 'Abbigliamento, scarpe, accessori', 'jewelry'),
(145, '9934313864 ', 'Carrozzeria Nuova Milano', 45.38053, 11.912891, 'Attività esterne, sport e veicoli', 'car_repair'),
(146, '9969139957 ', 'Pizza 180 Grammi', 45.42027, 11.946722, 'Ristorazione', 'fast_food'),
(147, '99259247477', 'Riflesso Donna', 45.455357, 11.879815, 'Salute e bellezza', 'hairdresser'),
(148, '99452517499', 'Park Padova Stazione - interparking italia Srl', 45.415638, 11.879924, 'Trasporti', 'parking'),
(149, '99817084074', 'C-Flat Officine musicali', 45.418934, 11.806788, 'Istruzione', 'music_school'),
(150, '99533257387', 'Libreria San Paolo Gregoriana', 45.406136, 11.872268, 'Cartoleria, regali, libri, giornali', 'books'),
(151, '99560091879', 'Fincato', 45.407845, 11.874081, 'Abbigliamento, scarpe, accessori', 'shoes'),
(152, '99529900118', 'Al Buscaglione', 45.405144, 11.872472, 'Ristorazione', 'bar'),
(153, '99864041675', 'Erg', 45.37866, 11.912682, 'Trasporti', 'fuel'),
(154, '99220992937', 'Caffetteria René', 45.42103, 11.817281, 'Ristorazione', 'bar'),
(155, '99255408370', 'Panificio Garbo', 45.38271, 11.868953, 'Cibo e bevande', 'bakery'),
(156, '99677244083', 'Total', 45.427055, 11.913722, 'Trasporti', 'fuel'),
(157, '99120390392', 'Chocolat', 45.406982, 11.87601, 'Ristorazione', 'bar'),
(158, '99630807635', 'Piccola Padova', 45.401867, 11.89025, 'Ristorazione', 'bar'),
(159, '99719115548', 'Navigli', 45.402237, 11.871616, 'Ristorazione', 'restaurant'),
(160, '99421034786', 'N230', 45.442562, 11.890842, 'Trasporti', 'parking_space'),
(161, '99170469163', 'Osteria Antica Colonna', 45.407623, 11.883964, 'Ristorazione', 'restaurant'),
(162, '99357584473', 'Shabani Veis Negozio di biciclette', 45.42319, 11.884065, 'Attività esterne, sport e veicoli', 'bicycle'),
(163, '998301868  ', 'Cannabis store Amsterdam', 45.409595, 11.873227, 'Abbigliamento, scarpe, accessori', 'fashion_accessories'),
(164, '99888392804', 'Volturno', 45.40827, 11.86363, 'Trasporti', 'taxi'),
(165, '99544365719', 'Wind Tre', 45.409805, 11.877879, 'Elettronica', 'mobile_phone'),
(166, '99485618579', 'Panificio Rigoni', 45.380695, 11.90165, 'Cibo e bevande', 'bakery'),
(167, '99705938212', 'Biblioteca del Seminario - Sezione Antica', 45.400795, 11.872549, 'Istruzione', 'library'),
(168, '99898864409', 'Gucci', 45.409115, 11.877564, 'Abbigliamento, scarpe, accessori', 'boutique'),
(169, '99163624890', 'N328', 45.442234, 11.891128, 'Trasporti', 'parking_space'),
(170, '99369807858', 'N244', 45.44255, 11.891297, 'Trasporti', 'parking_space'),
(171, '99292171151', 'N324', 45.442238, 11.890998, 'Trasporti', 'parking_space'),
(172, '9956510317 ', 'Bar Gelateria Gianni', 45.375046, 11.910593, 'Ristorazione', 'ice_cream'),
(173, '99245306352', 'Eni', 45.41698, 11.935758, 'Trasporti', 'fuel'),
(174, '99746885595', 'Antico Forno', 45.40665, 11.857903, 'Cibo e bevande', 'bakery'),
(175, '99976514140', 'Ducati', 45.408882, 11.933828, 'Attività esterne, sport e veicoli', 'motorcycle'),
(176, '99496338003', 'UniCredit Bank', 45.406536, 11.872672, 'Servizi finanziari', 'bank'),
(177, '99886772094', 'Trattoria San Pietro', 45.40943, 11.869017, 'Ristorazione', 'restaurant'),
(178, '99387589648', 'Pasticceria, caffetteria, cioccolateria Novello', 45.374744, 11.870819, 'Ristorazione', 'cafe'),
(179, '99751483585', 'Caffetteria Facciolati', 45.395874, 11.888496, 'Ristorazione', 'bar'),
(180, '99137862576', 'Cannell@ice', 45.40799, 11.873104, 'Ristorazione', 'ice_cream'),
(181, '99169210679', 'Piano Terra', 45.4162, 11.876892, 'Ristorazione', 'bar'),
(182, '99771313585', 'Metà', 45.435944, 11.87046, 'Cibo e bevande', 'convenience'),
(183, '99263764235', 'N256', 45.442444, 11.891378, 'Trasporti', 'parking_space'),
(184, '99664585532', 'Victoria Sisters & Beauty', 45.410618, 11.875448, 'Salute e bellezza', 'beauty'),
(185, '99531149441', 'Vinoteca Foster', 45.425526, 11.912908, 'Ristorazione', 'bar'),
(186, '99544935002', 'Balobino', 45.408096, 11.874786, 'Ristorazione', 'restaurant'),
(187, '99375360294', 'Tigotà', 45.408737, 11.876577, 'Salute e bellezza', 'chemist'),
(188, '99946390692', 'Piazza al Taglio', 45.416462, 11.880546, 'Ristorazione', 'fast_food'),
(189, '99268867729', 'Barby Bar', 45.41131, 11.843967, 'Ristorazione', 'bar'),
(190, '99843312978', 'Q8easy', 45.423504, 11.921537, 'Trasporti', 'fuel'),
(191, '99560745923', 'Ristorante Zaramella', 45.41089, 11.877205, 'Ristorazione', 'restaurant'),
(192, '99560685018', 'Trattoria da Dante alle Piazze', 45.40698, 11.874219, 'Ristorazione', 'restaurant'),
(193, '99245306352', 'Eni', 45.400753, 11.888564, 'Trasporti', 'fuel'),
(194, '99917841105', 'Caffé del Borgo', 45.388893, 11.87606, 'Ristorazione', 'cafe'),
(195, '99375922484', 'UniCredit Banca', 45.421448, 11.811532, 'Servizi finanziari', 'bank'),
(196, '99672626534', 'Studio Dentistico Scapin Marco', 45.40698, 11.907919, 'Sanità', 'dentist'),
(197, '99318631019', 'Movida Calzature', 45.406258, 11.877229, 'Abbigliamento, scarpe, accessori', 'shoes'),
(198, '99654824212', 'AudioNova', 45.409386, 11.869948, 'Salute e bellezza', 'hearing_aids'),
(199, '99927382031', 'Birrolandia', 45.400055, 11.891626, 'Ristorazione', 'restaurant'),
(200, '99179288436', 'Edicola 136', 45.412292, 11.893028, 'Ristorazione', 'bar'),
(201, '99955602161', 'Erboristeria Barbarigo', 45.406593, 11.87631, 'Salute e bellezza', 'perfumery'),
(202, '99228619805', 'Rtg srl', 45.41601, 11.916129, 'Elettronica', 'electronics'),
(203, '99177664637', 'Santa La Diabla', 45.409943, 11.915471, 'Intrattenimento, Arte e Cultura', 'stripclub'),
(204, '99943890838', 'Gelateria Come un pittore', 45.44543, 11.830754, 'Ristorazione', 'ice_cream'),
(205, '9939896674 ', 'Il Telaio Bike Café', 45.385674, 11.904554, 'Ristorazione', 'biergarten'),
(206, '99650996600', 'Banco 47', 45.41913, 11.948326, 'Abbigliamento, scarpe, accessori', 'clothes'),
(207, '99451170294', 'Libreria dei ragazzi', 45.40688, 11.874232, 'Cartoleria, regali, libri, giornali', 'books'),
(208, '99958432052', 'New Life Cafè', 45.408554, 11.9131365, 'Ristorazione', 'cafe'),
(209, '99769540139', 'Casa in Luce', 45.411022, 11.875637, 'Arte, musica, hobby', 'collector'),
(210, '99141187492', 'Macelleria Tasca', 45.407097, 11.875112, 'Cibo e bevande', 'butcher'),
(211, '99147483805', 'Pizzeria Perdinci', 45.430943, 11.896837, 'Ristorazione', 'restaurant'),
(212, '99639372639', 'Wok Time', 45.412144, 11.892304, 'Ristorazione', 'fast_food'),
(213, '99499827842', 'Bar Pizzeria Ristorante Giordano', 45.41366, 11.837154, 'Ristorazione', 'restaurant'),
(214, '99141608510', 'Bianchetto''s Ice Cream', 45.4216, 11.817547, 'Ristorazione', 'ice_cream'),
(215, '998468896  ', 'Despar', 45.3954, 11.862569, 'Negozio generico, grande magazzino, centro commerciale', 'supermarket'),
(216, '99634924502', 'Fiere', 45.412727, 11.891534, 'Trasporti', 'bicycle_rental'),
(217, '99733654610', 'Sacro Cuore', 45.413555, 11.950695, 'Istruzione', 'kindergarten'),
(218, '99632151457', 'Televista', 45.415077, 11.932907, 'Elettronica', 'computer'),
(219, '99249519278', 'Autoscuola Volante d''oro', 45.412388, 11.840401, 'Istruzione', 'driving_school'),
(220, '99537271684', 'Wok Sushi Padova Ristorante', 45.409954, 11.911201, 'Ristorazione', 'restaurant'),
(221, '99237366008', 'Forme', 45.417328, 11.863885, 'Salute e bellezza', 'hairdresser'),
(222, '99393706066', 'Eroica caffè Padova', 45.40843, 11.874158, 'Ristorazione', 'cafe'),
(223, '99162227291', 'L''intermezzo', 45.414623, 11.885499, 'Ristorazione', 'bar'),
(224, '99758978772', 'Api', 45.394497, 11.86547, 'Trasporti', 'fuel'),
(225, '99131787964', 'Michelon Massimo', 45.395668, 11.887855, 'Salute e bellezza', 'hairdresser'),
(226, '99680163320', 'Istituto di Cultura Italo Tedesca', 45.41076, 11.874771, 'Intrattenimento, Arte e Cultura', 'arts_centre'),
(227, '99106723116', 'Glamour', 45.376328, 11.906475, 'Salute e bellezza', 'hairdresser'),
(228, '99395133292', 'Bar', 45.4197, 11.876898, 'Ristorazione', 'cafe'),
(229, '99588780059', 'Capolinea Sud Tram', 45.367783, 11.873585, 'Trasporti', 'taxi'),
(230, '99411204476', 'Les Arcades', 45.41636, 11.933176, 'Ristorazione', 'restaurant'),
(231, '99172033192', 'Run atletica & podismo', 45.435112, 11.890716, 'Attività esterne, sport e veicoli', 'sports'),
(232, '99677244083', 'Total', 45.36488, 11.842287, 'Trasporti', 'fuel'),
(233, '99513329447', 'Orthomedica', 45.41258, 11.915025, 'Sanità', 'doctors'),
(234, '99909477231', 'G bar 2.0', 45.41181, 11.876991, 'Ristorazione', 'cafe'),
(235, '99151293937', 'Ethnic World', 45.435623, 11.891555, 'Negozio generico, grande magazzino, centro commerciale', 'supermarket'),
(236, '99254247302', 'Juice', 45.4086, 11.877674, 'Elettronica', 'electronics'),
(237, '99234526186', 'Dan John', 45.408752, 11.875856, 'Abbigliamento, scarpe, accessori', 'clothes'),
(238, '99376590217', 'Ciclofficina La Mente Comune', 45.403484, 11.8643265, 'Attività esterne, sport e veicoli', 'bicycle'),
(239, '99302472357', 'Esso', 45.416058, 11.831809, 'Trasporti', 'fuel'),
(240, '99408377067', 'Sisley', 45.405533, 11.8765, 'Abbigliamento, scarpe, accessori', 'clothes'),
(241, '99971686274', 'Original Marines', 45.416756, 11.823483, 'Abbigliamento, scarpe, accessori', 'clothes'),
(242, '99108399888', 'Piazza dei Signori', 45.40796, 11.87304, 'Trasporti', 'taxi'),
(243, '99744386552', 'Gelateria GROM', 45.407944, 11.87334, 'Ristorazione', 'ice_cream'),
(244, '99516209334', 'Panetteria Carlotta', 45.40872, 11.878928, 'Cibo e bevande', 'coffee'),
(245, '99702261243', 'Atelier Maretti', 45.409542, 11.873212, 'Abbigliamento, scarpe, accessori', 'clothes'),
(246, '99180309948', 'L''Abbuffata Ristorante Pizzeria', 45.447037, 11.872286, 'Ristorazione', 'restaurant'),
(247, '99563798784', 'N285', 45.44239, 11.891181, 'Trasporti', 'parking_space'),
(248, '99918812113', 'Intesa San Paolo', 45.41383, 11.887578, 'Servizi finanziari', 'bank'),
(249, '99430334759', 'Comune / Prefettura / Università', 45.40594, 11.877611, 'Trasporti', 'car_sharing'),
(250, '99886948466', 'Pizzeria Da Giorgia', 45.407192, 11.860053, 'Ristorazione', 'restaurant'),
(251, '9987947439 ', 'Zanzibar', 45.36529, 11.910126, 'Ristorazione', 'bar'),
(252, '99642462208', 'Farmacia Giuliani', 45.44299, 11.893196, 'Sanità', 'pharmacy'),
(253, '99240546709', 'Autofficina Citroën | Ghiraldo & Autoin', 45.413307, 11.917327, 'Attività esterne, sport e veicoli', 'car_repair'),
(254, '99190906302', 'Pasticceria Chantilly', 45.419704, 11.825935, 'Cibo e bevande', 'pastry'),
(255, '99987761793', 'Al 119 Bar', 45.388626, 11.895153, 'Ristorazione', 'cafe'),
(256, '99256384153', 'Arredissima', 45.412544, 11.913557, 'Arredamento e interni', 'furniture'),
(257, '99224831458', 'Trenfor', 45.371113, 11.919764, 'Arredamento e interni', 'furniture'),
(258, '99888394301', 'Il forno del buon pane', 45.421535, 11.807441, 'Cibo e bevande', 'bakery'),
(259, '99928735926', 'Anguriara Da Giovanni', 45.412685, 11.864321, 'Ristorazione', 'fast_food'),
(260, '99374392558', 'Scuola primaria "Gianna Beretta"', 45.42403, 11.947895, 'Istruzione', 'school'),
(261, '99486399366', 'Padova 3', 45.40747, 11.872732, 'Servizi pubblici', 'post_office'),
(262, '99223799839', 'IP', 45.431877, 11.898636, 'Trasporti', 'fuel'),
(263, '99712954437', 'Farmacia Dott. Antonio Carraro', 45.392647, 11.86306, 'Sanità', 'pharmacy'),
(264, '99656110804', 'Pasticceria Estense', 45.397533, 11.893984, 'Cibo e bevande', 'pastry'),
(265, '99275710628', 'Bottega delle Arti', 45.40844, 11.87294, 'Arredamento e interni', 'antiques'),
(266, '99522549905', 'Cama''ffare', 45.40814, 11.902054, 'Ristorazione', 'fast_food'),
(267, '9911215009 ', 'L''Ortomercato di Cocchio Barbara', 45.384216, 11.858403, 'Cibo e bevande', 'greengrocer'),
(268, '99520886407', 'Edificio Fisica - Polo didattico (ex biologia) - Università di Padova', 45.41028, 11.885465, 'Istruzione', 'university'),
(269, '99746638405', 'Heart Café', 45.40951, 11.847551, 'Ristorazione', 'cafe'),
(270, '99697731129', 'Pam', 45.414333, 11.873636, 'Negozio generico, grande magazzino, centro commerciale', 'supermarket'),
(271, '99445481683', 'Costantin', 45.42628, 11.84747, 'Trasporti', 'fuel'),
(272, '99385778663', 'Auto 5', 45.40889, 11.921495, 'Attività esterne, sport e veicoli', 'car'),
(273, '99566144995', 'Pizzeria per asporto Piczas', 45.393795, 11.881362, 'Ristorazione', 'fast_food'),
(274, '99362425401', 'Trattoria all''Olmo', 45.391716, 11.945391, 'Ristorazione', 'restaurant'),
(275, '99420769574', 'Lo spaccio del vero parmigiano da Emilio', 45.40717, 11.875615, 'Cibo e bevande', 'cheese'),
(276, '99750306867', 'Padova 6', 45.386787, 11.86792, 'Servizi pubblici', 'post_office'),
(277, '99838662495', 'CRAI Voltabarozo', 45.37946, 11.90295, 'Negozio generico, grande magazzino, centro commerciale', 'supermarket'),
(278, '99236739186', 'Prof. Alberto Staffieri', 45.409637, 11.906474, 'Sanità', 'doctors'),
(279, '99462441728', 'Scuola Primaria Falcone e Borsellino', 45.37723, 11.858549, 'Istruzione', 'school'),
(280, '99802176138', 'GrandVision by Optissimo', 45.40889, 11.878205, 'Salute e bellezza', 'optician'),
(281, '99818260354', 'Farmacia alla Stanga', 45.410603, 11.906084, 'Sanità', 'pharmacy'),
(282, '99707760183', 'Bar Al Municipio', 45.406998, 11.876172, 'Ristorazione', 'cafe'),
(283, '99217633498', 'Despar express', 45.417645, 11.879622, 'Negozio generico, grande magazzino, centro commerciale', 'supermarket'),
(284, '99857962840', 'Superauto Volkswagen', 45.417877, 11.89362, 'Attività esterne, sport e veicoli', 'car'),
(285, '99595047534', 'Du Pareil Au Même', 45.408833, 11.877302, 'Abbigliamento, scarpe, accessori', 'clothes'),
(286, '99932884863', 'Comando Stazione dei Carabinieri Sarmeola di Rubano', 45.425972, 11.806595, 'Servizi pubblici', 'police'),
(287, '99178654169', 'Extralux Lindhaus', 45.411503, 11.918694, 'Fai da te, casalinghi, materiali edili, giardinaggio', 'appliance'),
(288, '99591047694', 'Trattoria Orazio', 45.398075, 11.831571, 'Ristorazione', 'restaurant'),
(289, '99733640927', 'Alì', 45.39998, 11.89411, 'Negozio generico, grande magazzino, centro commerciale', 'supermarket'),
(290, '99302472357', 'Esso', 45.433006, 11.898295, 'Trasporti', 'fuel'),
(291, '99304279354', 'Ambulatorio Medico', 45.378777, 11.903617, 'Sanità', 'doctors'),
(292, '99265144472', 'Yves Rocher', 45.407967, 11.87604, 'Salute e bellezza', 'cosmetics'),
(293, '99469613543', 'Intimissimi', 45.407948, 11.876319, 'Abbigliamento, scarpe, accessori', 'clothes'),
(294, '99797596810', 'Biglietteria Palazzo del Bo', 45.406887, 11.877235, 'Cartoleria, regali, libri, giornali', 'ticket'),
(295, '99141267035', 'Salone Mara', 45.3724, 11.915791, 'Salute e bellezza', 'hairdresser'),
(296, '99467719251', 'Il Venexino - Nonsolocaffé', 45.41088, 11.875771, 'Ristorazione', 'cafe'),
(297, '99860141070', 'Tap', 45.411087, 11.921623, 'Trasporti', 'fuel'),
(298, '99173810494', 'PittaRosso', 45.41863, 11.935362, 'Abbigliamento, scarpe, accessori', 'shoes'),
(299, '99308006907', 'Rap', 45.408688, 11.880235, 'Abbigliamento, scarpe, accessori', 'clothes'),
(300, '99825126862', 'Meneghetti', 45.414562, 11.918768, 'Abbigliamento, scarpe, accessori', 'clothes');

INSERT INTO "public"."poi_hours" ("poi_id", "day_of_week", "open_at", "close_at") VALUES
(1, 1, '00:00:00+00', '23:59:59+00'),
(1, 2, '00:00:00+00', '23:59:59+00'),
(1, 3, '00:00:00+00', '23:59:59+00'),
(1, 4, '00:00:00+00', '23:59:59+00'),
(1, 5, '00:00:00+00', '23:59:59+00'),
(1, 6, '00:00:00+00', '23:59:59+00'),
(1, 7, '00:00:00+00', '23:59:59+00'),
(2, 1, '00:00:00+00', '23:59:59+00'),
(2, 2, '00:00:00+00', '23:59:59+00'),
(2, 3, '00:00:00+00', '23:59:59+00'),
(2, 4, '00:00:00+00', '23:59:59+00'),
(2, 5, '00:00:00+00', '23:59:59+00'),
(2, 6, '00:00:00+00', '23:59:59+00'),
(2, 7, '00:00:00+00', '23:59:59+00'),
(3, 1, '00:00:00+00', '23:59:59+00'),
(3, 2, '00:00:00+00', '23:59:59+00'),
(3, 3, '00:00:00+00', '23:59:59+00'),
(3, 4, '00:00:00+00', '23:59:59+00'),
(3, 5, '00:00:00+00', '23:59:59+00'),
(3, 6, '00:00:00+00', '23:59:59+00'),
(3, 7, '00:00:00+00', '23:59:59+00'),
(4, 1, '00:00:00+00', '23:59:59+00'),
(4, 2, '00:00:00+00', '23:59:59+00'),
(4, 3, '00:00:00+00', '23:59:59+00'),
(4, 4, '00:00:00+00', '23:59:59+00'),
(4, 5, '00:00:00+00', '23:59:59+00'),
(4, 6, '00:00:00+00', '23:59:59+00'),
(4, 7, '00:00:00+00', '23:59:59+00'),
(5, 1, '00:00:00+00', '23:59:59+00'),
(5, 2, '00:00:00+00', '23:59:59+00'),
(5, 3, '00:00:00+00', '23:59:59+00'),
(5, 4, '00:00:00+00', '23:59:59+00'),
(5, 5, '00:00:00+00', '23:59:59+00'),
(5, 6, '00:00:00+00', '23:59:59+00'),
(5, 7, '00:00:00+00', '23:59:59+00'),
(6, 1, '00:00:00+00', '23:59:59+00'),
(6, 2, '00:00:00+00', '23:59:59+00'),
(6, 3, '00:00:00+00', '23:59:59+00'),
(6, 4, '00:00:00+00', '23:59:59+00'),
(6, 5, '00:00:00+00', '23:59:59+00'),
(6, 6, '00:00:00+00', '23:59:59+00'),
(6, 7, '00:00:00+00', '23:59:59+00'),
(7, 1, '00:00:00+00', '23:59:59+00'),
(7, 2, '00:00:00+00', '23:59:59+00'),
(7, 3, '00:00:00+00', '23:59:59+00'),
(7, 4, '00:00:00+00', '23:59:59+00'),
(7, 5, '00:00:00+00', '23:59:59+00'),
(7, 6, '00:00:00+00', '23:59:59+00'),
(7, 7, '00:00:00+00', '23:59:59+00'),
(8, 1, '00:00:00+00', '23:59:59+00'),
(8, 2, '00:00:00+00', '23:59:59+00'),
(8, 3, '00:00:00+00', '23:59:59+00'),
(8, 4, '00:00:00+00', '23:59:59+00'),
(8, 5, '00:00:00+00', '23:59:59+00'),
(8, 6, '00:00:00+00', '23:59:59+00'),
(8, 7, '00:00:00+00', '23:59:59+00'),
(9, 1, '00:00:00+00', '23:59:59+00'),
(9, 2, '00:00:00+00', '23:59:59+00'),
(9, 3, '00:00:00+00', '23:59:59+00'),
(9, 4, '00:00:00+00', '23:59:59+00'),
(9, 5, '00:00:00+00', '23:59:59+00'),
(9, 6, '00:00:00+00', '23:59:59+00'),
(9, 7, '00:00:00+00', '23:59:59+00'),
(10, 1, '00:00:00+00', '23:59:59+00'),
(10, 2, '00:00:00+00', '23:59:59+00'),
(10, 3, '00:00:00+00', '23:59:59+00'),
(10, 4, '00:00:00+00', '23:59:59+00'),
(10, 5, '00:00:00+00', '23:59:59+00'),
(10, 6, '00:00:00+00', '23:59:59+00'),
(10, 7, '00:00:00+00', '23:59:59+00'),
(11, 1, '00:00:00+00', '23:59:59+00'),
(11, 2, '00:00:00+00', '23:59:59+00'),
(11, 3, '00:00:00+00', '23:59:59+00'),
(11, 4, '00:00:00+00', '23:59:59+00'),
(11, 5, '00:00:00+00', '23:59:59+00'),
(11, 6, '00:00:00+00', '23:59:59+00'),
(11, 7, '00:00:00+00', '23:59:59+00'),
(12, 1, '00:00:00+00', '23:59:59+00'),
(12, 2, '00:00:00+00', '23:59:59+00'),
(12, 3, '00:00:00+00', '23:59:59+00'),
(12, 4, '00:00:00+00', '23:59:59+00'),
(12, 5, '00:00:00+00', '23:59:59+00'),
(12, 6, '00:00:00+00', '23:59:59+00'),
(12, 7, '00:00:00+00', '23:59:59+00'),
(13, 1, '00:00:00+00', '23:59:59+00'),
(13, 2, '00:00:00+00', '23:59:59+00'),
(13, 3, '00:00:00+00', '23:59:59+00'),
(13, 4, '00:00:00+00', '23:59:59+00'),
(13, 5, '00:00:00+00', '23:59:59+00'),
(13, 6, '00:00:00+00', '23:59:59+00'),
(13, 7, '00:00:00+00', '23:59:59+00'),
(14, 1, '00:00:00+00', '23:59:59+00'),
(14, 2, '00:00:00+00', '23:59:59+00'),
(14, 3, '00:00:00+00', '23:59:59+00'),
(14, 4, '00:00:00+00', '23:59:59+00'),
(14, 5, '00:00:00+00', '23:59:59+00'),
(14, 6, '00:00:00+00', '23:59:59+00'),
(14, 7, '00:00:00+00', '23:59:59+00'),
(15, 1, '00:00:00+00', '23:59:59+00'),
(15, 2, '00:00:00+00', '23:59:59+00'),
(15, 3, '00:00:00+00', '23:59:59+00'),
(15, 4, '00:00:00+00', '23:59:59+00'),
(15, 5, '00:00:00+00', '23:59:59+00'),
(15, 6, '00:00:00+00', '23:59:59+00'),
(15, 7, '00:00:00+00', '23:59:59+00'),
(16, 1, '00:00:00+00', '23:59:59+00'),
(16, 2, '00:00:00+00', '23:59:59+00'),
(16, 3, '00:00:00+00', '23:59:59+00'),
(16, 4, '00:00:00+00', '23:59:59+00'),
(16, 5, '00:00:00+00', '23:59:59+00'),
(16, 6, '00:00:00+00', '23:59:59+00'),
(16, 7, '00:00:00+00', '23:59:59+00'),
(17, 1, '00:00:00+00', '23:59:59+00'),
(17, 2, '00:00:00+00', '23:59:59+00'),
(17, 3, '00:00:00+00', '23:59:59+00'),
(17, 4, '00:00:00+00', '23:59:59+00'),
(17, 5, '00:00:00+00', '23:59:59+00'),
(17, 6, '00:00:00+00', '23:59:59+00'),
(17, 7, '00:00:00+00', '23:59:59+00'),
(18, 1, '00:00:00+00', '23:59:59+00'),
(18, 2, '00:00:00+00', '23:59:59+00'),
(18, 3, '00:00:00+00', '23:59:59+00'),
(18, 4, '00:00:00+00', '23:59:59+00'),
(18, 5, '00:00:00+00', '23:59:59+00'),
(18, 6, '00:00:00+00', '23:59:59+00'),
(18, 7, '00:00:00+00', '23:59:59+00'),
(19, 1, '00:00:00+00', '23:59:59+00'),
(19, 2, '00:00:00+00', '23:59:59+00'),
(19, 3, '00:00:00+00', '23:59:59+00'),
(19, 4, '00:00:00+00', '23:59:59+00'),
(19, 5, '00:00:00+00', '23:59:59+00'),
(19, 6, '00:00:00+00', '23:59:59+00'),
(19, 7, '00:00:00+00', '23:59:59+00'),
(20, 1, '00:00:00+00', '23:59:59+00'),
(20, 2, '00:00:00+00', '23:59:59+00'),
(20, 3, '00:00:00+00', '23:59:59+00'),
(20, 4, '00:00:00+00', '23:59:59+00'),
(20, 5, '00:00:00+00', '23:59:59+00'),
(20, 6, '00:00:00+00', '23:59:59+00'),
(20, 7, '00:00:00+00', '23:59:59+00'),
(21, 1, '00:00:00+00', '23:59:59+00'),
(21, 2, '00:00:00+00', '23:59:59+00'),
(21, 3, '00:00:00+00', '23:59:59+00'),
(21, 4, '00:00:00+00', '23:59:59+00'),
(21, 5, '00:00:00+00', '23:59:59+00'),
(21, 6, '00:00:00+00', '23:59:59+00'),
(21, 7, '00:00:00+00', '23:59:59+00'),
(22, 1, '00:00:00+00', '23:59:59+00'),
(22, 2, '00:00:00+00', '23:59:59+00'),
(22, 3, '00:00:00+00', '23:59:59+00'),
(22, 4, '00:00:00+00', '23:59:59+00'),
(22, 5, '00:00:00+00', '23:59:59+00'),
(22, 6, '00:00:00+00', '23:59:59+00'),
(22, 7, '00:00:00+00', '23:59:59+00'),
(23, 1, '00:00:00+00', '23:59:59+00'),
(23, 2, '00:00:00+00', '23:59:59+00'),
(23, 3, '00:00:00+00', '23:59:59+00'),
(23, 4, '00:00:00+00', '23:59:59+00'),
(23, 5, '00:00:00+00', '23:59:59+00'),
(23, 6, '00:00:00+00', '23:59:59+00'),
(23, 7, '00:00:00+00', '23:59:59+00'),
(24, 1, '00:00:00+00', '23:59:59+00'),
(24, 2, '00:00:00+00', '23:59:59+00'),
(24, 3, '00:00:00+00', '23:59:59+00'),
(24, 4, '00:00:00+00', '23:59:59+00'),
(24, 5, '00:00:00+00', '23:59:59+00'),
(24, 6, '00:00:00+00', '23:59:59+00'),
(24, 7, '00:00:00+00', '23:59:59+00'),
(25, 1, '00:00:00+00', '23:59:59+00'),
(25, 2, '00:00:00+00', '23:59:59+00'),
(25, 3, '00:00:00+00', '23:59:59+00'),
(25, 4, '00:00:00+00', '23:59:59+00'),
(25, 5, '00:00:00+00', '23:59:59+00'),
(25, 6, '00:00:00+00', '23:59:59+00'),
(25, 7, '00:00:00+00', '23:59:59+00'),
(26, 1, '00:00:00+00', '23:59:59+00'),
(26, 2, '00:00:00+00', '23:59:59+00'),
(26, 3, '00:00:00+00', '23:59:59+00'),
(26, 4, '00:00:00+00', '23:59:59+00'),
(26, 5, '00:00:00+00', '23:59:59+00'),
(26, 6, '00:00:00+00', '23:59:59+00'),
(26, 7, '00:00:00+00', '23:59:59+00'),
(27, 1, '00:00:00+00', '23:59:59+00'),
(27, 2, '00:00:00+00', '23:59:59+00'),
(27, 3, '00:00:00+00', '23:59:59+00'),
(27, 4, '00:00:00+00', '23:59:59+00'),
(27, 5, '00:00:00+00', '23:59:59+00'),
(27, 6, '00:00:00+00', '23:59:59+00'),
(27, 7, '00:00:00+00', '23:59:59+00'),
(28, 1, '00:00:00+00', '23:59:59+00'),
(28, 2, '00:00:00+00', '23:59:59+00'),
(28, 3, '00:00:00+00', '23:59:59+00'),
(28, 4, '00:00:00+00', '23:59:59+00'),
(28, 5, '00:00:00+00', '23:59:59+00'),
(28, 6, '00:00:00+00', '23:59:59+00'),
(28, 7, '00:00:00+00', '23:59:59+00'),
(29, 1, '00:00:00+00', '23:59:59+00'),
(29, 2, '00:00:00+00', '23:59:59+00'),
(29, 3, '00:00:00+00', '23:59:59+00'),
(29, 4, '00:00:00+00', '23:59:59+00'),
(29, 5, '00:00:00+00', '23:59:59+00'),
(29, 6, '00:00:00+00', '23:59:59+00'),
(29, 7, '00:00:00+00', '23:59:59+00'),
(30, 1, '00:00:00+00', '23:59:59+00'),
(30, 2, '00:00:00+00', '23:59:59+00'),
(30, 3, '00:00:00+00', '23:59:59+00'),
(30, 4, '00:00:00+00', '23:59:59+00'),
(30, 5, '00:00:00+00', '23:59:59+00'),
(30, 6, '00:00:00+00', '23:59:59+00'),
(30, 7, '00:00:00+00', '23:59:59+00'),
(31, 1, '00:00:00+00', '23:59:59+00'),
(31, 2, '00:00:00+00', '23:59:59+00'),
(31, 3, '00:00:00+00', '23:59:59+00'),
(31, 4, '00:00:00+00', '23:59:59+00'),
(31, 5, '00:00:00+00', '23:59:59+00'),
(31, 6, '00:00:00+00', '23:59:59+00'),
(31, 7, '00:00:00+00', '23:59:59+00'),
(32, 1, '00:00:00+00', '23:59:59+00'),
(32, 2, '00:00:00+00', '23:59:59+00'),
(32, 3, '00:00:00+00', '23:59:59+00'),
(32, 4, '00:00:00+00', '23:59:59+00'),
(32, 5, '00:00:00+00', '23:59:59+00'),
(32, 6, '00:00:00+00', '23:59:59+00'),
(32, 7, '00:00:00+00', '23:59:59+00'),
(33, 1, '00:00:00+00', '23:59:59+00'),
(33, 2, '00:00:00+00', '23:59:59+00'),
(33, 3, '00:00:00+00', '23:59:59+00'),
(33, 4, '00:00:00+00', '23:59:59+00'),
(33, 5, '00:00:00+00', '23:59:59+00'),
(33, 6, '00:00:00+00', '23:59:59+00'),
(33, 7, '00:00:00+00', '23:59:59+00'),
(34, 1, '00:00:00+00', '23:59:59+00'),
(34, 2, '00:00:00+00', '23:59:59+00'),
(34, 3, '00:00:00+00', '23:59:59+00'),
(34, 4, '00:00:00+00', '23:59:59+00'),
(34, 5, '00:00:00+00', '23:59:59+00'),
(34, 6, '00:00:00+00', '23:59:59+00'),
(34, 7, '00:00:00+00', '23:59:59+00'),
(35, 1, '00:00:00+00', '23:59:59+00'),
(35, 2, '00:00:00+00', '23:59:59+00'),
(35, 3, '00:00:00+00', '23:59:59+00'),
(35, 4, '00:00:00+00', '23:59:59+00'),
(35, 5, '00:00:00+00', '23:59:59+00'),
(35, 6, '00:00:00+00', '23:59:59+00'),
(35, 7, '00:00:00+00', '23:59:59+00'),
(36, 1, '00:00:00+00', '23:59:59+00'),
(36, 2, '00:00:00+00', '23:59:59+00'),
(36, 3, '00:00:00+00', '23:59:59+00'),
(36, 4, '00:00:00+00', '23:59:59+00'),
(36, 5, '00:00:00+00', '23:59:59+00'),
(36, 6, '00:00:00+00', '23:59:59+00'),
(36, 7, '00:00:00+00', '23:59:59+00'),
(37, 1, '00:00:00+00', '23:59:59+00'),
(37, 2, '00:00:00+00', '23:59:59+00'),
(37, 3, '00:00:00+00', '23:59:59+00'),
(37, 4, '00:00:00+00', '23:59:59+00'),
(37, 5, '00:00:00+00', '23:59:59+00'),
(37, 6, '00:00:00+00', '23:59:59+00'),
(37, 7, '00:00:00+00', '23:59:59+00'),
(38, 1, '00:00:00+00', '23:59:59+00'),
(38, 2, '00:00:00+00', '23:59:59+00'),
(38, 3, '00:00:00+00', '23:59:59+00'),
(38, 4, '00:00:00+00', '23:59:59+00'),
(38, 5, '00:00:00+00', '23:59:59+00'),
(38, 6, '00:00:00+00', '23:59:59+00'),
(38, 7, '00:00:00+00', '23:59:59+00'),
(39, 1, '00:00:00+00', '23:59:59+00'),
(39, 2, '00:00:00+00', '23:59:59+00'),
(39, 3, '00:00:00+00', '23:59:59+00'),
(39, 4, '00:00:00+00', '23:59:59+00'),
(39, 5, '00:00:00+00', '23:59:59+00'),
(39, 6, '00:00:00+00', '23:59:59+00'),
(39, 7, '00:00:00+00', '23:59:59+00'),
(40, 1, '00:00:00+00', '23:59:59+00'),
(40, 2, '00:00:00+00', '23:59:59+00'),
(40, 3, '00:00:00+00', '23:59:59+00'),
(40, 4, '00:00:00+00', '23:59:59+00'),
(40, 5, '00:00:00+00', '23:59:59+00'),
(40, 6, '00:00:00+00', '23:59:59+00'),
(40, 7, '00:00:00+00', '23:59:59+00'),
(41, 1, '00:00:00+00', '23:59:59+00'),
(41, 2, '00:00:00+00', '23:59:59+00'),
(41, 3, '00:00:00+00', '23:59:59+00'),
(41, 4, '00:00:00+00', '23:59:59+00'),
(41, 5, '00:00:00+00', '23:59:59+00'),
(41, 6, '00:00:00+00', '23:59:59+00'),
(41, 7, '00:00:00+00', '23:59:59+00'),
(42, 1, '00:00:00+00', '23:59:59+00'),
(42, 2, '00:00:00+00', '23:59:59+00'),
(42, 3, '00:00:00+00', '23:59:59+00'),
(42, 4, '00:00:00+00', '23:59:59+00'),
(42, 5, '00:00:00+00', '23:59:59+00'),
(42, 6, '00:00:00+00', '23:59:59+00'),
(42, 7, '00:00:00+00', '23:59:59+00'),
(43, 1, '00:00:00+00', '23:59:59+00'),
(43, 2, '00:00:00+00', '23:59:59+00'),
(43, 3, '00:00:00+00', '23:59:59+00'),
(43, 4, '00:00:00+00', '23:59:59+00'),
(43, 5, '00:00:00+00', '23:59:59+00'),
(43, 6, '00:00:00+00', '23:59:59+00'),
(43, 7, '00:00:00+00', '23:59:59+00'),
(44, 1, '00:00:00+00', '23:59:59+00'),
(44, 2, '00:00:00+00', '23:59:59+00'),
(44, 3, '00:00:00+00', '23:59:59+00'),
(44, 4, '00:00:00+00', '23:59:59+00'),
(44, 5, '00:00:00+00', '23:59:59+00'),
(44, 6, '00:00:00+00', '23:59:59+00'),
(44, 7, '00:00:00+00', '23:59:59+00'),
(45, 1, '00:00:00+00', '23:59:59+00'),
(45, 2, '00:00:00+00', '23:59:59+00'),
(45, 3, '00:00:00+00', '23:59:59+00'),
(45, 4, '00:00:00+00', '23:59:59+00'),
(45, 5, '00:00:00+00', '23:59:59+00'),
(45, 6, '00:00:00+00', '23:59:59+00'),
(45, 7, '00:00:00+00', '23:59:59+00'),
(46, 1, '00:00:00+00', '23:59:59+00'),
(46, 2, '00:00:00+00', '23:59:59+00'),
(46, 3, '00:00:00+00', '23:59:59+00'),
(46, 4, '00:00:00+00', '23:59:59+00'),
(46, 5, '00:00:00+00', '23:59:59+00'),
(46, 6, '00:00:00+00', '23:59:59+00'),
(46, 7, '00:00:00+00', '23:59:59+00'),
(47, 1, '00:00:00+00', '23:59:59+00'),
(47, 2, '00:00:00+00', '23:59:59+00'),
(47, 3, '00:00:00+00', '23:59:59+00'),
(47, 4, '00:00:00+00', '23:59:59+00'),
(47, 5, '00:00:00+00', '23:59:59+00'),
(47, 6, '00:00:00+00', '23:59:59+00'),
(47, 7, '00:00:00+00', '23:59:59+00'),
(48, 1, '00:00:00+00', '23:59:59+00'),
(48, 2, '00:00:00+00', '23:59:59+00'),
(48, 3, '00:00:00+00', '23:59:59+00'),
(48, 4, '00:00:00+00', '23:59:59+00'),
(48, 5, '00:00:00+00', '23:59:59+00'),
(48, 6, '00:00:00+00', '23:59:59+00'),
(48, 7, '00:00:00+00', '23:59:59+00'),
(49, 1, '00:00:00+00', '23:59:59+00'),
(49, 2, '00:00:00+00', '23:59:59+00'),
(49, 3, '00:00:00+00', '23:59:59+00'),
(49, 4, '00:00:00+00', '23:59:59+00'),
(49, 5, '00:00:00+00', '23:59:59+00'),
(49, 6, '00:00:00+00', '23:59:59+00'),
(49, 7, '00:00:00+00', '23:59:59+00'),
(50, 1, '00:00:00+00', '23:59:59+00'),
(50, 2, '00:00:00+00', '23:59:59+00'),
(50, 3, '00:00:00+00', '23:59:59+00'),
(50, 4, '00:00:00+00', '23:59:59+00'),
(50, 5, '00:00:00+00', '23:59:59+00'),
(50, 6, '00:00:00+00', '23:59:59+00'),
(50, 7, '00:00:00+00', '23:59:59+00'),
(51, 1, '00:00:00+00', '23:59:59+00'),
(51, 2, '00:00:00+00', '23:59:59+00'),
(51, 3, '00:00:00+00', '23:59:59+00'),
(51, 4, '00:00:00+00', '23:59:59+00'),
(51, 5, '00:00:00+00', '23:59:59+00'),
(51, 6, '00:00:00+00', '23:59:59+00'),
(51, 7, '00:00:00+00', '23:59:59+00'),
(52, 1, '00:00:00+00', '23:59:59+00'),
(52, 2, '00:00:00+00', '23:59:59+00'),
(52, 3, '00:00:00+00', '23:59:59+00'),
(52, 4, '00:00:00+00', '23:59:59+00'),
(52, 5, '00:00:00+00', '23:59:59+00'),
(52, 6, '00:00:00+00', '23:59:59+00'),
(52, 7, '00:00:00+00', '23:59:59+00'),
(53, 1, '00:00:00+00', '23:59:59+00'),
(53, 2, '00:00:00+00', '23:59:59+00'),
(53, 3, '00:00:00+00', '23:59:59+00'),
(53, 4, '00:00:00+00', '23:59:59+00'),
(53, 5, '00:00:00+00', '23:59:59+00'),
(53, 6, '00:00:00+00', '23:59:59+00'),
(53, 7, '00:00:00+00', '23:59:59+00'),
(54, 1, '00:00:00+00', '23:59:59+00'),
(54, 2, '00:00:00+00', '23:59:59+00'),
(54, 3, '00:00:00+00', '23:59:59+00'),
(54, 4, '00:00:00+00', '23:59:59+00'),
(54, 5, '00:00:00+00', '23:59:59+00'),
(54, 6, '00:00:00+00', '23:59:59+00'),
(54, 7, '00:00:00+00', '23:59:59+00'),
(55, 1, '00:00:00+00', '23:59:59+00'),
(55, 2, '00:00:00+00', '23:59:59+00'),
(55, 3, '00:00:00+00', '23:59:59+00'),
(55, 4, '00:00:00+00', '23:59:59+00'),
(55, 5, '00:00:00+00', '23:59:59+00'),
(55, 6, '00:00:00+00', '23:59:59+00'),
(55, 7, '00:00:00+00', '23:59:59+00'),
(56, 1, '00:00:00+00', '23:59:59+00'),
(56, 2, '00:00:00+00', '23:59:59+00'),
(56, 3, '00:00:00+00', '23:59:59+00'),
(56, 4, '00:00:00+00', '23:59:59+00'),
(56, 5, '00:00:00+00', '23:59:59+00'),
(56, 6, '00:00:00+00', '23:59:59+00'),
(56, 7, '00:00:00+00', '23:59:59+00'),
(57, 1, '00:00:00+00', '23:59:59+00'),
(57, 2, '00:00:00+00', '23:59:59+00'),
(57, 3, '00:00:00+00', '23:59:59+00'),
(57, 4, '00:00:00+00', '23:59:59+00'),
(57, 5, '00:00:00+00', '23:59:59+00'),
(57, 6, '00:00:00+00', '23:59:59+00'),
(57, 7, '00:00:00+00', '23:59:59+00'),
(58, 1, '00:00:00+00', '23:59:59+00'),
(58, 2, '00:00:00+00', '23:59:59+00'),
(58, 3, '00:00:00+00', '23:59:59+00'),
(58, 4, '00:00:00+00', '23:59:59+00'),
(58, 5, '00:00:00+00', '23:59:59+00'),
(58, 6, '00:00:00+00', '23:59:59+00'),
(58, 7, '00:00:00+00', '23:59:59+00'),
(59, 1, '00:00:00+00', '23:59:59+00'),
(59, 2, '00:00:00+00', '23:59:59+00'),
(59, 3, '00:00:00+00', '23:59:59+00'),
(59, 4, '00:00:00+00', '23:59:59+00'),
(59, 5, '00:00:00+00', '23:59:59+00'),
(59, 6, '00:00:00+00', '23:59:59+00'),
(59, 7, '00:00:00+00', '23:59:59+00'),
(60, 1, '00:00:00+00', '23:59:59+00'),
(60, 2, '00:00:00+00', '23:59:59+00'),
(60, 3, '00:00:00+00', '23:59:59+00'),
(60, 4, '00:00:00+00', '23:59:59+00'),
(60, 5, '00:00:00+00', '23:59:59+00'),
(60, 6, '00:00:00+00', '23:59:59+00'),
(60, 7, '00:00:00+00', '23:59:59+00'),
(61, 1, '00:00:00+00', '23:59:59+00'),
(61, 2, '00:00:00+00', '23:59:59+00'),
(61, 3, '00:00:00+00', '23:59:59+00'),
(61, 4, '00:00:00+00', '23:59:59+00'),
(61, 5, '00:00:00+00', '23:59:59+00'),
(61, 6, '00:00:00+00', '23:59:59+00'),
(61, 7, '00:00:00+00', '23:59:59+00'),
(62, 1, '00:00:00+00', '23:59:59+00'),
(62, 2, '00:00:00+00', '23:59:59+00'),
(62, 3, '00:00:00+00', '23:59:59+00'),
(62, 4, '00:00:00+00', '23:59:59+00'),
(62, 5, '00:00:00+00', '23:59:59+00'),
(62, 6, '00:00:00+00', '23:59:59+00'),
(62, 7, '00:00:00+00', '23:59:59+00'),
(63, 1, '00:00:00+00', '23:59:59+00'),
(63, 2, '00:00:00+00', '23:59:59+00'),
(63, 3, '00:00:00+00', '23:59:59+00'),
(63, 4, '00:00:00+00', '23:59:59+00'),
(63, 5, '00:00:00+00', '23:59:59+00'),
(63, 6, '00:00:00+00', '23:59:59+00'),
(63, 7, '00:00:00+00', '23:59:59+00'),
(64, 1, '00:00:00+00', '23:59:59+00'),
(64, 2, '00:00:00+00', '23:59:59+00'),
(64, 3, '00:00:00+00', '23:59:59+00'),
(64, 4, '00:00:00+00', '23:59:59+00'),
(64, 5, '00:00:00+00', '23:59:59+00'),
(64, 6, '00:00:00+00', '23:59:59+00'),
(64, 7, '00:00:00+00', '23:59:59+00'),
(65, 1, '00:00:00+00', '23:59:59+00'),
(65, 2, '00:00:00+00', '23:59:59+00'),
(65, 3, '00:00:00+00', '23:59:59+00'),
(65, 4, '00:00:00+00', '23:59:59+00'),
(65, 5, '00:00:00+00', '23:59:59+00'),
(65, 6, '00:00:00+00', '23:59:59+00'),
(65, 7, '00:00:00+00', '23:59:59+00'),
(66, 1, '00:00:00+00', '23:59:59+00'),
(66, 2, '00:00:00+00', '23:59:59+00'),
(66, 3, '00:00:00+00', '23:59:59+00'),
(66, 4, '00:00:00+00', '23:59:59+00'),
(66, 5, '00:00:00+00', '23:59:59+00'),
(66, 6, '00:00:00+00', '23:59:59+00'),
(66, 7, '00:00:00+00', '23:59:59+00'),
(67, 1, '00:00:00+00', '23:59:59+00'),
(67, 2, '00:00:00+00', '23:59:59+00'),
(67, 3, '00:00:00+00', '23:59:59+00'),
(67, 4, '00:00:00+00', '23:59:59+00'),
(67, 5, '00:00:00+00', '23:59:59+00'),
(67, 6, '00:00:00+00', '23:59:59+00'),
(67, 7, '00:00:00+00', '23:59:59+00'),
(68, 1, '00:00:00+00', '23:59:59+00'),
(68, 2, '00:00:00+00', '23:59:59+00'),
(68, 3, '00:00:00+00', '23:59:59+00'),
(68, 4, '00:00:00+00', '23:59:59+00'),
(68, 5, '00:00:00+00', '23:59:59+00'),
(68, 6, '00:00:00+00', '23:59:59+00'),
(68, 7, '00:00:00+00', '23:59:59+00'),
(69, 1, '00:00:00+00', '23:59:59+00'),
(69, 2, '00:00:00+00', '23:59:59+00'),
(69, 3, '00:00:00+00', '23:59:59+00'),
(69, 4, '00:00:00+00', '23:59:59+00'),
(69, 5, '00:00:00+00', '23:59:59+00'),
(69, 6, '00:00:00+00', '23:59:59+00'),
(69, 7, '00:00:00+00', '23:59:59+00'),
(70, 1, '00:00:00+00', '23:59:59+00'),
(70, 2, '00:00:00+00', '23:59:59+00'),
(70, 3, '00:00:00+00', '23:59:59+00'),
(70, 4, '00:00:00+00', '23:59:59+00'),
(70, 5, '00:00:00+00', '23:59:59+00'),
(70, 6, '00:00:00+00', '23:59:59+00'),
(70, 7, '00:00:00+00', '23:59:59+00'),
(71, 1, '00:00:00+00', '23:59:59+00'),
(71, 2, '00:00:00+00', '23:59:59+00'),
(71, 3, '00:00:00+00', '23:59:59+00'),
(71, 4, '00:00:00+00', '23:59:59+00'),
(71, 5, '00:00:00+00', '23:59:59+00'),
(71, 6, '00:00:00+00', '23:59:59+00'),
(71, 7, '00:00:00+00', '23:59:59+00'),
(72, 1, '00:00:00+00', '23:59:59+00'),
(72, 2, '00:00:00+00', '23:59:59+00'),
(72, 3, '00:00:00+00', '23:59:59+00');

INSERT INTO "public"."poi_hours" ("poi_id", "day_of_week", "open_at", "close_at") VALUES
(72, 4, '00:00:00+00', '23:59:59+00'),
(72, 5, '00:00:00+00', '23:59:59+00'),
(72, 6, '00:00:00+00', '23:59:59+00'),
(72, 7, '00:00:00+00', '23:59:59+00'),
(73, 1, '00:00:00+00', '23:59:59+00'),
(73, 2, '00:00:00+00', '23:59:59+00'),
(73, 3, '00:00:00+00', '23:59:59+00'),
(73, 4, '00:00:00+00', '23:59:59+00'),
(73, 5, '00:00:00+00', '23:59:59+00'),
(73, 6, '00:00:00+00', '23:59:59+00'),
(73, 7, '00:00:00+00', '23:59:59+00'),
(74, 1, '00:00:00+00', '23:59:59+00'),
(74, 2, '00:00:00+00', '23:59:59+00'),
(74, 3, '00:00:00+00', '23:59:59+00'),
(74, 4, '00:00:00+00', '23:59:59+00'),
(74, 5, '00:00:00+00', '23:59:59+00'),
(74, 6, '00:00:00+00', '23:59:59+00'),
(74, 7, '00:00:00+00', '23:59:59+00'),
(75, 1, '00:00:00+00', '23:59:59+00'),
(75, 2, '00:00:00+00', '23:59:59+00'),
(75, 3, '00:00:00+00', '23:59:59+00'),
(75, 4, '00:00:00+00', '23:59:59+00'),
(75, 5, '00:00:00+00', '23:59:59+00'),
(75, 6, '00:00:00+00', '23:59:59+00'),
(75, 7, '00:00:00+00', '23:59:59+00'),
(76, 1, '00:00:00+00', '23:59:59+00'),
(76, 2, '00:00:00+00', '23:59:59+00'),
(76, 3, '00:00:00+00', '23:59:59+00'),
(76, 4, '00:00:00+00', '23:59:59+00'),
(76, 5, '00:00:00+00', '23:59:59+00'),
(76, 6, '00:00:00+00', '23:59:59+00'),
(76, 7, '00:00:00+00', '23:59:59+00'),
(77, 1, '00:00:00+00', '23:59:59+00'),
(77, 2, '00:00:00+00', '23:59:59+00'),
(77, 3, '00:00:00+00', '23:59:59+00'),
(77, 4, '00:00:00+00', '23:59:59+00'),
(77, 5, '00:00:00+00', '23:59:59+00'),
(77, 6, '00:00:00+00', '23:59:59+00'),
(77, 7, '00:00:00+00', '23:59:59+00'),
(78, 1, '00:00:00+00', '23:59:59+00'),
(78, 2, '00:00:00+00', '23:59:59+00'),
(78, 3, '00:00:00+00', '23:59:59+00'),
(78, 4, '00:00:00+00', '23:59:59+00'),
(78, 5, '00:00:00+00', '23:59:59+00'),
(78, 6, '00:00:00+00', '23:59:59+00'),
(78, 7, '00:00:00+00', '23:59:59+00'),
(79, 1, '00:00:00+00', '23:59:59+00'),
(79, 2, '00:00:00+00', '23:59:59+00'),
(79, 3, '00:00:00+00', '23:59:59+00'),
(79, 4, '00:00:00+00', '23:59:59+00'),
(79, 5, '00:00:00+00', '23:59:59+00'),
(79, 6, '00:00:00+00', '23:59:59+00'),
(79, 7, '00:00:00+00', '23:59:59+00'),
(80, 1, '00:00:00+00', '23:59:59+00'),
(80, 2, '00:00:00+00', '23:59:59+00'),
(80, 3, '00:00:00+00', '23:59:59+00'),
(80, 4, '00:00:00+00', '23:59:59+00'),
(80, 5, '00:00:00+00', '23:59:59+00'),
(80, 6, '00:00:00+00', '23:59:59+00'),
(80, 7, '00:00:00+00', '23:59:59+00'),
(81, 1, '00:00:00+00', '23:59:59+00'),
(81, 2, '00:00:00+00', '23:59:59+00'),
(81, 3, '00:00:00+00', '23:59:59+00'),
(81, 4, '00:00:00+00', '23:59:59+00'),
(81, 5, '00:00:00+00', '23:59:59+00'),
(81, 6, '00:00:00+00', '23:59:59+00'),
(81, 7, '00:00:00+00', '23:59:59+00'),
(82, 1, '00:00:00+00', '23:59:59+00'),
(82, 2, '00:00:00+00', '23:59:59+00'),
(82, 3, '00:00:00+00', '23:59:59+00'),
(82, 4, '00:00:00+00', '23:59:59+00'),
(82, 5, '00:00:00+00', '23:59:59+00'),
(82, 6, '00:00:00+00', '23:59:59+00'),
(82, 7, '00:00:00+00', '23:59:59+00'),
(83, 1, '00:00:00+00', '23:59:59+00'),
(83, 2, '00:00:00+00', '23:59:59+00'),
(83, 3, '00:00:00+00', '23:59:59+00'),
(83, 4, '00:00:00+00', '23:59:59+00'),
(83, 5, '00:00:00+00', '23:59:59+00'),
(83, 6, '00:00:00+00', '23:59:59+00'),
(83, 7, '00:00:00+00', '23:59:59+00'),
(84, 1, '00:00:00+00', '23:59:59+00'),
(84, 2, '00:00:00+00', '23:59:59+00'),
(84, 3, '00:00:00+00', '23:59:59+00'),
(84, 4, '00:00:00+00', '23:59:59+00'),
(84, 5, '00:00:00+00', '23:59:59+00'),
(84, 6, '00:00:00+00', '23:59:59+00'),
(84, 7, '00:00:00+00', '23:59:59+00'),
(85, 1, '00:00:00+00', '23:59:59+00'),
(85, 2, '00:00:00+00', '23:59:59+00'),
(85, 3, '00:00:00+00', '23:59:59+00'),
(85, 4, '00:00:00+00', '23:59:59+00'),
(85, 5, '00:00:00+00', '23:59:59+00'),
(85, 6, '00:00:00+00', '23:59:59+00'),
(85, 7, '00:00:00+00', '23:59:59+00'),
(86, 1, '00:00:00+00', '23:59:59+00'),
(86, 2, '00:00:00+00', '23:59:59+00'),
(86, 3, '00:00:00+00', '23:59:59+00'),
(86, 4, '00:00:00+00', '23:59:59+00'),
(86, 5, '00:00:00+00', '23:59:59+00'),
(86, 6, '00:00:00+00', '23:59:59+00'),
(86, 7, '00:00:00+00', '23:59:59+00'),
(87, 1, '00:00:00+00', '23:59:59+00'),
(87, 2, '00:00:00+00', '23:59:59+00'),
(87, 3, '00:00:00+00', '23:59:59+00'),
(87, 4, '00:00:00+00', '23:59:59+00'),
(87, 5, '00:00:00+00', '23:59:59+00'),
(87, 6, '00:00:00+00', '23:59:59+00'),
(87, 7, '00:00:00+00', '23:59:59+00'),
(88, 1, '00:00:00+00', '23:59:59+00'),
(88, 2, '00:00:00+00', '23:59:59+00'),
(88, 3, '00:00:00+00', '23:59:59+00'),
(88, 4, '00:00:00+00', '23:59:59+00'),
(88, 5, '00:00:00+00', '23:59:59+00'),
(88, 6, '00:00:00+00', '23:59:59+00'),
(88, 7, '00:00:00+00', '23:59:59+00'),
(89, 1, '00:00:00+00', '23:59:59+00'),
(89, 2, '00:00:00+00', '23:59:59+00'),
(89, 3, '00:00:00+00', '23:59:59+00'),
(89, 4, '00:00:00+00', '23:59:59+00'),
(89, 5, '00:00:00+00', '23:59:59+00'),
(89, 6, '00:00:00+00', '23:59:59+00'),
(89, 7, '00:00:00+00', '23:59:59+00'),
(90, 1, '00:00:00+00', '23:59:59+00'),
(90, 2, '00:00:00+00', '23:59:59+00'),
(90, 3, '00:00:00+00', '23:59:59+00'),
(90, 4, '00:00:00+00', '23:59:59+00'),
(90, 5, '00:00:00+00', '23:59:59+00'),
(90, 6, '00:00:00+00', '23:59:59+00'),
(90, 7, '00:00:00+00', '23:59:59+00'),
(91, 1, '00:00:00+00', '23:59:59+00'),
(91, 2, '00:00:00+00', '23:59:59+00'),
(91, 3, '00:00:00+00', '23:59:59+00'),
(91, 4, '00:00:00+00', '23:59:59+00'),
(91, 5, '00:00:00+00', '23:59:59+00'),
(91, 6, '00:00:00+00', '23:59:59+00'),
(91, 7, '00:00:00+00', '23:59:59+00'),
(92, 1, '00:00:00+00', '23:59:59+00'),
(92, 2, '00:00:00+00', '23:59:59+00'),
(92, 3, '00:00:00+00', '23:59:59+00'),
(92, 4, '00:00:00+00', '23:59:59+00'),
(92, 5, '00:00:00+00', '23:59:59+00'),
(92, 6, '00:00:00+00', '23:59:59+00'),
(92, 7, '00:00:00+00', '23:59:59+00'),
(93, 1, '00:00:00+00', '23:59:59+00'),
(93, 2, '00:00:00+00', '23:59:59+00'),
(93, 3, '00:00:00+00', '23:59:59+00'),
(93, 4, '00:00:00+00', '23:59:59+00'),
(93, 5, '00:00:00+00', '23:59:59+00'),
(93, 6, '00:00:00+00', '23:59:59+00'),
(93, 7, '00:00:00+00', '23:59:59+00'),
(94, 1, '00:00:00+00', '23:59:59+00'),
(94, 2, '00:00:00+00', '23:59:59+00'),
(94, 3, '00:00:00+00', '23:59:59+00'),
(94, 4, '00:00:00+00', '23:59:59+00'),
(94, 5, '00:00:00+00', '23:59:59+00'),
(94, 6, '00:00:00+00', '23:59:59+00'),
(94, 7, '00:00:00+00', '23:59:59+00'),
(95, 1, '00:00:00+00', '23:59:59+00'),
(95, 2, '00:00:00+00', '23:59:59+00'),
(95, 3, '00:00:00+00', '23:59:59+00'),
(95, 4, '00:00:00+00', '23:59:59+00'),
(95, 5, '00:00:00+00', '23:59:59+00'),
(95, 6, '00:00:00+00', '23:59:59+00'),
(95, 7, '00:00:00+00', '23:59:59+00'),
(96, 1, '00:00:00+00', '23:59:59+00'),
(96, 2, '00:00:00+00', '23:59:59+00'),
(96, 3, '00:00:00+00', '23:59:59+00'),
(96, 4, '00:00:00+00', '23:59:59+00'),
(96, 5, '00:00:00+00', '23:59:59+00'),
(96, 6, '00:00:00+00', '23:59:59+00'),
(96, 7, '00:00:00+00', '23:59:59+00'),
(97, 1, '00:00:00+00', '23:59:59+00'),
(97, 2, '00:00:00+00', '23:59:59+00'),
(97, 3, '00:00:00+00', '23:59:59+00'),
(97, 4, '00:00:00+00', '23:59:59+00'),
(97, 5, '00:00:00+00', '23:59:59+00'),
(97, 6, '00:00:00+00', '23:59:59+00'),
(97, 7, '00:00:00+00', '23:59:59+00'),
(98, 1, '00:00:00+00', '23:59:59+00'),
(98, 2, '00:00:00+00', '23:59:59+00'),
(98, 3, '00:00:00+00', '23:59:59+00'),
(98, 4, '00:00:00+00', '23:59:59+00'),
(98, 5, '00:00:00+00', '23:59:59+00'),
(98, 6, '00:00:00+00', '23:59:59+00'),
(98, 7, '00:00:00+00', '23:59:59+00'),
(99, 1, '00:00:00+00', '23:59:59+00'),
(99, 2, '00:00:00+00', '23:59:59+00'),
(99, 3, '00:00:00+00', '23:59:59+00'),
(99, 4, '00:00:00+00', '23:59:59+00'),
(99, 5, '00:00:00+00', '23:59:59+00'),
(99, 6, '00:00:00+00', '23:59:59+00'),
(99, 7, '00:00:00+00', '23:59:59+00'),
(100, 1, '00:00:00+00', '23:59:59+00'),
(100, 2, '00:00:00+00', '23:59:59+00'),
(100, 3, '00:00:00+00', '23:59:59+00'),
(100, 4, '00:00:00+00', '23:59:59+00'),
(100, 5, '00:00:00+00', '23:59:59+00'),
(100, 6, '00:00:00+00', '23:59:59+00'),
(100, 7, '00:00:00+00', '23:59:59+00'),
(101, 1, '00:00:00+00', '23:59:59+00'),
(101, 2, '00:00:00+00', '23:59:59+00'),
(101, 3, '00:00:00+00', '23:59:59+00'),
(101, 4, '00:00:00+00', '23:59:59+00'),
(101, 5, '00:00:00+00', '23:59:59+00'),
(101, 6, '00:00:00+00', '23:59:59+00'),
(101, 7, '00:00:00+00', '23:59:59+00'),
(102, 1, '00:00:00+00', '23:59:59+00'),
(102, 2, '00:00:00+00', '23:59:59+00'),
(102, 3, '00:00:00+00', '23:59:59+00'),
(102, 4, '00:00:00+00', '23:59:59+00'),
(102, 5, '00:00:00+00', '23:59:59+00'),
(102, 6, '00:00:00+00', '23:59:59+00'),
(102, 7, '00:00:00+00', '23:59:59+00'),
(103, 1, '00:00:00+00', '23:59:59+00'),
(103, 2, '00:00:00+00', '23:59:59+00'),
(103, 3, '00:00:00+00', '23:59:59+00'),
(103, 4, '00:00:00+00', '23:59:59+00'),
(103, 5, '00:00:00+00', '23:59:59+00'),
(103, 6, '00:00:00+00', '23:59:59+00'),
(103, 7, '00:00:00+00', '23:59:59+00'),
(104, 1, '00:00:00+00', '23:59:59+00'),
(104, 2, '00:00:00+00', '23:59:59+00'),
(104, 3, '00:00:00+00', '23:59:59+00'),
(104, 4, '00:00:00+00', '23:59:59+00'),
(104, 5, '00:00:00+00', '23:59:59+00'),
(104, 6, '00:00:00+00', '23:59:59+00'),
(104, 7, '00:00:00+00', '23:59:59+00'),
(105, 1, '00:00:00+00', '23:59:59+00'),
(105, 2, '00:00:00+00', '23:59:59+00'),
(105, 3, '00:00:00+00', '23:59:59+00'),
(105, 4, '00:00:00+00', '23:59:59+00'),
(105, 5, '00:00:00+00', '23:59:59+00'),
(105, 6, '00:00:00+00', '23:59:59+00'),
(105, 7, '00:00:00+00', '23:59:59+00'),
(106, 1, '00:00:00+00', '23:59:59+00'),
(106, 2, '00:00:00+00', '23:59:59+00'),
(106, 3, '00:00:00+00', '23:59:59+00'),
(106, 4, '00:00:00+00', '23:59:59+00'),
(106, 5, '00:00:00+00', '23:59:59+00'),
(106, 6, '00:00:00+00', '23:59:59+00'),
(106, 7, '00:00:00+00', '23:59:59+00'),
(107, 1, '00:00:00+00', '23:59:59+00'),
(107, 2, '00:00:00+00', '23:59:59+00'),
(107, 3, '00:00:00+00', '23:59:59+00'),
(107, 4, '00:00:00+00', '23:59:59+00'),
(107, 5, '00:00:00+00', '23:59:59+00'),
(107, 6, '00:00:00+00', '23:59:59+00'),
(107, 7, '00:00:00+00', '23:59:59+00'),
(108, 1, '00:00:00+00', '23:59:59+00'),
(108, 2, '00:00:00+00', '23:59:59+00'),
(108, 3, '00:00:00+00', '23:59:59+00'),
(108, 4, '00:00:00+00', '23:59:59+00'),
(108, 5, '00:00:00+00', '23:59:59+00'),
(108, 6, '00:00:00+00', '23:59:59+00'),
(108, 7, '00:00:00+00', '23:59:59+00'),
(109, 1, '00:00:00+00', '23:59:59+00'),
(109, 2, '00:00:00+00', '23:59:59+00'),
(109, 3, '00:00:00+00', '23:59:59+00'),
(109, 4, '00:00:00+00', '23:59:59+00'),
(109, 5, '00:00:00+00', '23:59:59+00'),
(109, 6, '00:00:00+00', '23:59:59+00'),
(109, 7, '00:00:00+00', '23:59:59+00'),
(110, 1, '00:00:00+00', '23:59:59+00'),
(110, 2, '00:00:00+00', '23:59:59+00'),
(110, 3, '00:00:00+00', '23:59:59+00'),
(110, 4, '00:00:00+00', '23:59:59+00'),
(110, 5, '00:00:00+00', '23:59:59+00'),
(110, 6, '00:00:00+00', '23:59:59+00'),
(110, 7, '00:00:00+00', '23:59:59+00'),
(111, 1, '00:00:00+00', '23:59:59+00'),
(111, 2, '00:00:00+00', '23:59:59+00'),
(111, 3, '00:00:00+00', '23:59:59+00'),
(111, 4, '00:00:00+00', '23:59:59+00'),
(111, 5, '00:00:00+00', '23:59:59+00'),
(111, 6, '00:00:00+00', '23:59:59+00'),
(111, 7, '00:00:00+00', '23:59:59+00'),
(112, 1, '00:00:00+00', '23:59:59+00'),
(112, 2, '00:00:00+00', '23:59:59+00'),
(112, 3, '00:00:00+00', '23:59:59+00'),
(112, 4, '00:00:00+00', '23:59:59+00'),
(112, 5, '00:00:00+00', '23:59:59+00'),
(112, 6, '00:00:00+00', '23:59:59+00'),
(112, 7, '00:00:00+00', '23:59:59+00'),
(113, 1, '00:00:00+00', '23:59:59+00'),
(113, 2, '00:00:00+00', '23:59:59+00'),
(113, 3, '00:00:00+00', '23:59:59+00'),
(113, 4, '00:00:00+00', '23:59:59+00'),
(113, 5, '00:00:00+00', '23:59:59+00'),
(113, 6, '00:00:00+00', '23:59:59+00'),
(113, 7, '00:00:00+00', '23:59:59+00'),
(114, 1, '00:00:00+00', '23:59:59+00'),
(114, 2, '00:00:00+00', '23:59:59+00'),
(114, 3, '00:00:00+00', '23:59:59+00'),
(114, 4, '00:00:00+00', '23:59:59+00'),
(114, 5, '00:00:00+00', '23:59:59+00'),
(114, 6, '00:00:00+00', '23:59:59+00'),
(114, 7, '00:00:00+00', '23:59:59+00'),
(115, 1, '00:00:00+00', '23:59:59+00'),
(115, 2, '00:00:00+00', '23:59:59+00'),
(115, 3, '00:00:00+00', '23:59:59+00'),
(115, 4, '00:00:00+00', '23:59:59+00'),
(115, 5, '00:00:00+00', '23:59:59+00'),
(115, 6, '00:00:00+00', '23:59:59+00'),
(115, 7, '00:00:00+00', '23:59:59+00'),
(116, 1, '00:00:00+00', '23:59:59+00'),
(116, 2, '00:00:00+00', '23:59:59+00'),
(116, 3, '00:00:00+00', '23:59:59+00'),
(116, 4, '00:00:00+00', '23:59:59+00'),
(116, 5, '00:00:00+00', '23:59:59+00'),
(116, 6, '00:00:00+00', '23:59:59+00'),
(116, 7, '00:00:00+00', '23:59:59+00'),
(117, 1, '00:00:00+00', '23:59:59+00'),
(117, 2, '00:00:00+00', '23:59:59+00'),
(117, 3, '00:00:00+00', '23:59:59+00'),
(117, 4, '00:00:00+00', '23:59:59+00'),
(117, 5, '00:00:00+00', '23:59:59+00'),
(117, 6, '00:00:00+00', '23:59:59+00'),
(117, 7, '00:00:00+00', '23:59:59+00'),
(118, 1, '00:00:00+00', '23:59:59+00'),
(118, 2, '00:00:00+00', '23:59:59+00'),
(118, 3, '00:00:00+00', '23:59:59+00'),
(118, 4, '00:00:00+00', '23:59:59+00'),
(118, 5, '00:00:00+00', '23:59:59+00'),
(118, 6, '00:00:00+00', '23:59:59+00'),
(118, 7, '00:00:00+00', '23:59:59+00'),
(119, 1, '00:00:00+00', '23:59:59+00'),
(119, 2, '00:00:00+00', '23:59:59+00'),
(119, 3, '00:00:00+00', '23:59:59+00'),
(119, 4, '00:00:00+00', '23:59:59+00'),
(119, 5, '00:00:00+00', '23:59:59+00'),
(119, 6, '00:00:00+00', '23:59:59+00'),
(119, 7, '00:00:00+00', '23:59:59+00'),
(120, 1, '00:00:00+00', '23:59:59+00'),
(120, 2, '00:00:00+00', '23:59:59+00'),
(120, 3, '00:00:00+00', '23:59:59+00'),
(120, 4, '00:00:00+00', '23:59:59+00'),
(120, 5, '00:00:00+00', '23:59:59+00'),
(120, 6, '00:00:00+00', '23:59:59+00'),
(120, 7, '00:00:00+00', '23:59:59+00'),
(121, 1, '00:00:00+00', '23:59:59+00'),
(121, 2, '00:00:00+00', '23:59:59+00'),
(121, 3, '00:00:00+00', '23:59:59+00'),
(121, 4, '00:00:00+00', '23:59:59+00'),
(121, 5, '00:00:00+00', '23:59:59+00'),
(121, 6, '00:00:00+00', '23:59:59+00'),
(121, 7, '00:00:00+00', '23:59:59+00'),
(122, 1, '00:00:00+00', '23:59:59+00'),
(122, 2, '00:00:00+00', '23:59:59+00'),
(122, 3, '00:00:00+00', '23:59:59+00'),
(122, 4, '00:00:00+00', '23:59:59+00'),
(122, 5, '00:00:00+00', '23:59:59+00'),
(122, 6, '00:00:00+00', '23:59:59+00'),
(122, 7, '00:00:00+00', '23:59:59+00'),
(123, 1, '00:00:00+00', '23:59:59+00'),
(123, 2, '00:00:00+00', '23:59:59+00'),
(123, 3, '00:00:00+00', '23:59:59+00'),
(123, 4, '00:00:00+00', '23:59:59+00'),
(123, 5, '00:00:00+00', '23:59:59+00'),
(123, 6, '00:00:00+00', '23:59:59+00'),
(123, 7, '00:00:00+00', '23:59:59+00'),
(124, 1, '00:00:00+00', '23:59:59+00'),
(124, 2, '00:00:00+00', '23:59:59+00'),
(124, 3, '00:00:00+00', '23:59:59+00'),
(124, 4, '00:00:00+00', '23:59:59+00'),
(124, 5, '00:00:00+00', '23:59:59+00'),
(124, 6, '00:00:00+00', '23:59:59+00'),
(124, 7, '00:00:00+00', '23:59:59+00'),
(125, 1, '00:00:00+00', '23:59:59+00'),
(125, 2, '00:00:00+00', '23:59:59+00'),
(125, 3, '00:00:00+00', '23:59:59+00'),
(125, 4, '00:00:00+00', '23:59:59+00'),
(125, 5, '00:00:00+00', '23:59:59+00'),
(125, 6, '00:00:00+00', '23:59:59+00'),
(125, 7, '00:00:00+00', '23:59:59+00'),
(126, 1, '00:00:00+00', '23:59:59+00'),
(126, 2, '00:00:00+00', '23:59:59+00'),
(126, 3, '00:00:00+00', '23:59:59+00'),
(126, 4, '00:00:00+00', '23:59:59+00'),
(126, 5, '00:00:00+00', '23:59:59+00'),
(126, 6, '00:00:00+00', '23:59:59+00'),
(126, 7, '00:00:00+00', '23:59:59+00'),
(127, 1, '00:00:00+00', '23:59:59+00'),
(127, 2, '00:00:00+00', '23:59:59+00'),
(127, 3, '00:00:00+00', '23:59:59+00'),
(127, 4, '00:00:00+00', '23:59:59+00'),
(127, 5, '00:00:00+00', '23:59:59+00'),
(127, 6, '00:00:00+00', '23:59:59+00'),
(127, 7, '00:00:00+00', '23:59:59+00'),
(128, 1, '00:00:00+00', '23:59:59+00'),
(128, 2, '00:00:00+00', '23:59:59+00'),
(128, 3, '00:00:00+00', '23:59:59+00'),
(128, 4, '00:00:00+00', '23:59:59+00'),
(128, 5, '00:00:00+00', '23:59:59+00'),
(128, 6, '00:00:00+00', '23:59:59+00'),
(128, 7, '00:00:00+00', '23:59:59+00'),
(129, 1, '00:00:00+00', '23:59:59+00'),
(129, 2, '00:00:00+00', '23:59:59+00'),
(129, 3, '00:00:00+00', '23:59:59+00'),
(129, 4, '00:00:00+00', '23:59:59+00'),
(129, 5, '00:00:00+00', '23:59:59+00'),
(129, 6, '00:00:00+00', '23:59:59+00'),
(129, 7, '00:00:00+00', '23:59:59+00'),
(130, 1, '00:00:00+00', '23:59:59+00'),
(130, 2, '00:00:00+00', '23:59:59+00'),
(130, 3, '00:00:00+00', '23:59:59+00'),
(130, 4, '00:00:00+00', '23:59:59+00'),
(130, 5, '00:00:00+00', '23:59:59+00'),
(130, 6, '00:00:00+00', '23:59:59+00'),
(130, 7, '00:00:00+00', '23:59:59+00'),
(131, 1, '00:00:00+00', '23:59:59+00'),
(131, 2, '00:00:00+00', '23:59:59+00'),
(131, 3, '00:00:00+00', '23:59:59+00'),
(131, 4, '00:00:00+00', '23:59:59+00'),
(131, 5, '00:00:00+00', '23:59:59+00'),
(131, 6, '00:00:00+00', '23:59:59+00'),
(131, 7, '00:00:00+00', '23:59:59+00'),
(132, 1, '00:00:00+00', '23:59:59+00'),
(132, 2, '00:00:00+00', '23:59:59+00'),
(132, 3, '00:00:00+00', '23:59:59+00'),
(132, 4, '00:00:00+00', '23:59:59+00'),
(132, 5, '00:00:00+00', '23:59:59+00'),
(132, 6, '00:00:00+00', '23:59:59+00'),
(132, 7, '00:00:00+00', '23:59:59+00'),
(133, 1, '00:00:00+00', '23:59:59+00'),
(133, 2, '00:00:00+00', '23:59:59+00'),
(133, 3, '00:00:00+00', '23:59:59+00'),
(133, 4, '00:00:00+00', '23:59:59+00'),
(133, 5, '00:00:00+00', '23:59:59+00'),
(133, 6, '00:00:00+00', '23:59:59+00'),
(133, 7, '00:00:00+00', '23:59:59+00'),
(134, 1, '00:00:00+00', '23:59:59+00'),
(134, 2, '00:00:00+00', '23:59:59+00'),
(134, 3, '00:00:00+00', '23:59:59+00'),
(134, 4, '00:00:00+00', '23:59:59+00'),
(134, 5, '00:00:00+00', '23:59:59+00'),
(134, 6, '00:00:00+00', '23:59:59+00'),
(134, 7, '00:00:00+00', '23:59:59+00'),
(135, 1, '00:00:00+00', '23:59:59+00'),
(135, 2, '00:00:00+00', '23:59:59+00'),
(135, 3, '00:00:00+00', '23:59:59+00'),
(135, 4, '00:00:00+00', '23:59:59+00'),
(135, 5, '00:00:00+00', '23:59:59+00'),
(135, 6, '00:00:00+00', '23:59:59+00'),
(135, 7, '00:00:00+00', '23:59:59+00'),
(136, 1, '00:00:00+00', '23:59:59+00'),
(136, 2, '00:00:00+00', '23:59:59+00'),
(136, 3, '00:00:00+00', '23:59:59+00'),
(136, 4, '00:00:00+00', '23:59:59+00'),
(136, 5, '00:00:00+00', '23:59:59+00'),
(136, 6, '00:00:00+00', '23:59:59+00'),
(136, 7, '00:00:00+00', '23:59:59+00'),
(137, 1, '00:00:00+00', '23:59:59+00'),
(137, 2, '00:00:00+00', '23:59:59+00'),
(137, 3, '00:00:00+00', '23:59:59+00'),
(137, 4, '00:00:00+00', '23:59:59+00'),
(137, 5, '00:00:00+00', '23:59:59+00'),
(137, 6, '00:00:00+00', '23:59:59+00'),
(137, 7, '00:00:00+00', '23:59:59+00'),
(138, 1, '00:00:00+00', '23:59:59+00'),
(138, 2, '00:00:00+00', '23:59:59+00'),
(138, 3, '00:00:00+00', '23:59:59+00'),
(138, 4, '00:00:00+00', '23:59:59+00'),
(138, 5, '00:00:00+00', '23:59:59+00'),
(138, 6, '00:00:00+00', '23:59:59+00'),
(138, 7, '00:00:00+00', '23:59:59+00'),
(139, 1, '00:00:00+00', '23:59:59+00'),
(139, 2, '00:00:00+00', '23:59:59+00'),
(139, 3, '00:00:00+00', '23:59:59+00'),
(139, 4, '00:00:00+00', '23:59:59+00'),
(139, 5, '00:00:00+00', '23:59:59+00'),
(139, 6, '00:00:00+00', '23:59:59+00'),
(139, 7, '00:00:00+00', '23:59:59+00'),
(140, 1, '00:00:00+00', '23:59:59+00'),
(140, 2, '00:00:00+00', '23:59:59+00'),
(140, 3, '00:00:00+00', '23:59:59+00'),
(140, 4, '00:00:00+00', '23:59:59+00'),
(140, 5, '00:00:00+00', '23:59:59+00'),
(140, 6, '00:00:00+00', '23:59:59+00'),
(140, 7, '00:00:00+00', '23:59:59+00'),
(141, 1, '00:00:00+00', '23:59:59+00'),
(141, 2, '00:00:00+00', '23:59:59+00'),
(141, 3, '00:00:00+00', '23:59:59+00'),
(141, 4, '00:00:00+00', '23:59:59+00'),
(141, 5, '00:00:00+00', '23:59:59+00'),
(141, 6, '00:00:00+00', '23:59:59+00'),
(141, 7, '00:00:00+00', '23:59:59+00'),
(142, 1, '00:00:00+00', '23:59:59+00'),
(142, 2, '00:00:00+00', '23:59:59+00'),
(142, 3, '00:00:00+00', '23:59:59+00'),
(142, 4, '00:00:00+00', '23:59:59+00'),
(142, 5, '00:00:00+00', '23:59:59+00'),
(142, 6, '00:00:00+00', '23:59:59+00'),
(142, 7, '00:00:00+00', '23:59:59+00'),
(143, 1, '00:00:00+00', '23:59:59+00'),
(143, 2, '00:00:00+00', '23:59:59+00'),
(143, 3, '00:00:00+00', '23:59:59+00'),
(143, 4, '00:00:00+00', '23:59:59+00'),
(143, 5, '00:00:00+00', '23:59:59+00'),
(143, 6, '00:00:00+00', '23:59:59+00');

INSERT INTO "public"."poi_hours" ("poi_id", "day_of_week", "open_at", "close_at") VALUES
(143, 7, '00:00:00+00', '23:59:59+00'),
(144, 1, '00:00:00+00', '23:59:59+00'),
(144, 2, '00:00:00+00', '23:59:59+00'),
(144, 3, '00:00:00+00', '23:59:59+00'),
(144, 4, '00:00:00+00', '23:59:59+00'),
(144, 5, '00:00:00+00', '23:59:59+00'),
(144, 6, '00:00:00+00', '23:59:59+00'),
(144, 7, '00:00:00+00', '23:59:59+00'),
(145, 1, '00:00:00+00', '23:59:59+00'),
(145, 2, '00:00:00+00', '23:59:59+00'),
(145, 3, '00:00:00+00', '23:59:59+00'),
(145, 4, '00:00:00+00', '23:59:59+00'),
(145, 5, '00:00:00+00', '23:59:59+00'),
(145, 6, '00:00:00+00', '23:59:59+00'),
(145, 7, '00:00:00+00', '23:59:59+00'),
(146, 1, '00:00:00+00', '23:59:59+00'),
(146, 2, '00:00:00+00', '23:59:59+00'),
(146, 3, '00:00:00+00', '23:59:59+00'),
(146, 4, '00:00:00+00', '23:59:59+00'),
(146, 5, '00:00:00+00', '23:59:59+00'),
(146, 6, '00:00:00+00', '23:59:59+00'),
(146, 7, '00:00:00+00', '23:59:59+00'),
(147, 1, '00:00:00+00', '23:59:59+00'),
(147, 2, '00:00:00+00', '23:59:59+00'),
(147, 3, '00:00:00+00', '23:59:59+00'),
(147, 4, '00:00:00+00', '23:59:59+00'),
(147, 5, '00:00:00+00', '23:59:59+00'),
(147, 6, '00:00:00+00', '23:59:59+00'),
(147, 7, '00:00:00+00', '23:59:59+00'),
(148, 1, '00:00:00+00', '23:59:59+00'),
(148, 2, '00:00:00+00', '23:59:59+00'),
(148, 3, '00:00:00+00', '23:59:59+00'),
(148, 4, '00:00:00+00', '23:59:59+00'),
(148, 5, '00:00:00+00', '23:59:59+00'),
(148, 6, '00:00:00+00', '23:59:59+00'),
(148, 7, '00:00:00+00', '23:59:59+00'),
(149, 1, '00:00:00+00', '23:59:59+00'),
(149, 2, '00:00:00+00', '23:59:59+00'),
(149, 3, '00:00:00+00', '23:59:59+00'),
(149, 4, '00:00:00+00', '23:59:59+00'),
(149, 5, '00:00:00+00', '23:59:59+00'),
(149, 6, '00:00:00+00', '23:59:59+00'),
(149, 7, '00:00:00+00', '23:59:59+00'),
(150, 1, '00:00:00+00', '23:59:59+00'),
(150, 2, '00:00:00+00', '23:59:59+00'),
(150, 3, '00:00:00+00', '23:59:59+00'),
(150, 4, '00:00:00+00', '23:59:59+00'),
(150, 5, '00:00:00+00', '23:59:59+00'),
(150, 6, '00:00:00+00', '23:59:59+00'),
(150, 7, '00:00:00+00', '23:59:59+00'),
(151, 1, '00:00:00+00', '23:59:59+00'),
(151, 2, '00:00:00+00', '23:59:59+00'),
(151, 3, '00:00:00+00', '23:59:59+00'),
(151, 4, '00:00:00+00', '23:59:59+00'),
(151, 5, '00:00:00+00', '23:59:59+00'),
(151, 6, '00:00:00+00', '23:59:59+00'),
(151, 7, '00:00:00+00', '23:59:59+00'),
(152, 1, '00:00:00+00', '23:59:59+00'),
(152, 2, '00:00:00+00', '23:59:59+00'),
(152, 3, '00:00:00+00', '23:59:59+00'),
(152, 4, '00:00:00+00', '23:59:59+00'),
(152, 5, '00:00:00+00', '23:59:59+00'),
(152, 6, '00:00:00+00', '23:59:59+00'),
(152, 7, '00:00:00+00', '23:59:59+00'),
(153, 1, '00:00:00+00', '23:59:59+00'),
(153, 2, '00:00:00+00', '23:59:59+00'),
(153, 3, '00:00:00+00', '23:59:59+00'),
(153, 4, '00:00:00+00', '23:59:59+00'),
(153, 5, '00:00:00+00', '23:59:59+00'),
(153, 6, '00:00:00+00', '23:59:59+00'),
(153, 7, '00:00:00+00', '23:59:59+00'),
(154, 1, '00:00:00+00', '23:59:59+00'),
(154, 2, '00:00:00+00', '23:59:59+00'),
(154, 3, '00:00:00+00', '23:59:59+00'),
(154, 4, '00:00:00+00', '23:59:59+00'),
(154, 5, '00:00:00+00', '23:59:59+00'),
(154, 6, '00:00:00+00', '23:59:59+00'),
(154, 7, '00:00:00+00', '23:59:59+00'),
(155, 1, '00:00:00+00', '23:59:59+00'),
(155, 2, '00:00:00+00', '23:59:59+00'),
(155, 3, '00:00:00+00', '23:59:59+00'),
(155, 4, '00:00:00+00', '23:59:59+00'),
(155, 5, '00:00:00+00', '23:59:59+00'),
(155, 6, '00:00:00+00', '23:59:59+00'),
(155, 7, '00:00:00+00', '23:59:59+00'),
(156, 1, '00:00:00+00', '23:59:59+00'),
(156, 2, '00:00:00+00', '23:59:59+00'),
(156, 3, '00:00:00+00', '23:59:59+00'),
(156, 4, '00:00:00+00', '23:59:59+00'),
(156, 5, '00:00:00+00', '23:59:59+00'),
(156, 6, '00:00:00+00', '23:59:59+00'),
(156, 7, '00:00:00+00', '23:59:59+00'),
(157, 1, '00:00:00+00', '23:59:59+00'),
(157, 2, '00:00:00+00', '23:59:59+00'),
(157, 3, '00:00:00+00', '23:59:59+00'),
(157, 4, '00:00:00+00', '23:59:59+00'),
(157, 5, '00:00:00+00', '23:59:59+00'),
(157, 6, '00:00:00+00', '23:59:59+00'),
(157, 7, '00:00:00+00', '23:59:59+00'),
(158, 1, '00:00:00+00', '23:59:59+00'),
(158, 2, '00:00:00+00', '23:59:59+00'),
(158, 3, '00:00:00+00', '23:59:59+00'),
(158, 4, '00:00:00+00', '23:59:59+00'),
(158, 5, '00:00:00+00', '23:59:59+00'),
(158, 6, '00:00:00+00', '23:59:59+00'),
(158, 7, '00:00:00+00', '23:59:59+00'),
(159, 1, '00:00:00+00', '23:59:59+00'),
(159, 2, '00:00:00+00', '23:59:59+00'),
(159, 3, '00:00:00+00', '23:59:59+00'),
(159, 4, '00:00:00+00', '23:59:59+00'),
(159, 5, '00:00:00+00', '23:59:59+00'),
(159, 6, '00:00:00+00', '23:59:59+00'),
(159, 7, '00:00:00+00', '23:59:59+00'),
(160, 1, '00:00:00+00', '23:59:59+00'),
(160, 2, '00:00:00+00', '23:59:59+00'),
(160, 3, '00:00:00+00', '23:59:59+00'),
(160, 4, '00:00:00+00', '23:59:59+00'),
(160, 5, '00:00:00+00', '23:59:59+00'),
(160, 6, '00:00:00+00', '23:59:59+00'),
(160, 7, '00:00:00+00', '23:59:59+00'),
(161, 1, '00:00:00+00', '23:59:59+00'),
(161, 2, '00:00:00+00', '23:59:59+00'),
(161, 3, '00:00:00+00', '23:59:59+00'),
(161, 4, '00:00:00+00', '23:59:59+00'),
(161, 5, '00:00:00+00', '23:59:59+00'),
(161, 6, '00:00:00+00', '23:59:59+00'),
(161, 7, '00:00:00+00', '23:59:59+00'),
(162, 1, '00:00:00+00', '23:59:59+00'),
(162, 2, '00:00:00+00', '23:59:59+00'),
(162, 3, '00:00:00+00', '23:59:59+00'),
(162, 4, '00:00:00+00', '23:59:59+00'),
(162, 5, '00:00:00+00', '23:59:59+00'),
(162, 6, '00:00:00+00', '23:59:59+00'),
(162, 7, '00:00:00+00', '23:59:59+00'),
(163, 1, '00:00:00+00', '23:59:59+00'),
(163, 2, '00:00:00+00', '23:59:59+00'),
(163, 3, '00:00:00+00', '23:59:59+00'),
(163, 4, '00:00:00+00', '23:59:59+00'),
(163, 5, '00:00:00+00', '23:59:59+00'),
(163, 6, '00:00:00+00', '23:59:59+00'),
(163, 7, '00:00:00+00', '23:59:59+00'),
(164, 1, '00:00:00+00', '23:59:59+00'),
(164, 2, '00:00:00+00', '23:59:59+00'),
(164, 3, '00:00:00+00', '23:59:59+00'),
(164, 4, '00:00:00+00', '23:59:59+00'),
(164, 5, '00:00:00+00', '23:59:59+00'),
(164, 6, '00:00:00+00', '23:59:59+00'),
(164, 7, '00:00:00+00', '23:59:59+00'),
(165, 1, '00:00:00+00', '23:59:59+00'),
(165, 2, '00:00:00+00', '23:59:59+00'),
(165, 3, '00:00:00+00', '23:59:59+00'),
(165, 4, '00:00:00+00', '23:59:59+00'),
(165, 5, '00:00:00+00', '23:59:59+00'),
(165, 6, '00:00:00+00', '23:59:59+00'),
(165, 7, '00:00:00+00', '23:59:59+00'),
(166, 1, '00:00:00+00', '23:59:59+00'),
(166, 2, '00:00:00+00', '23:59:59+00'),
(166, 3, '00:00:00+00', '23:59:59+00'),
(166, 4, '00:00:00+00', '23:59:59+00'),
(166, 5, '00:00:00+00', '23:59:59+00'),
(166, 6, '00:00:00+00', '23:59:59+00'),
(166, 7, '00:00:00+00', '23:59:59+00'),
(167, 1, '00:00:00+00', '23:59:59+00'),
(167, 2, '00:00:00+00', '23:59:59+00'),
(167, 3, '00:00:00+00', '23:59:59+00'),
(167, 4, '00:00:00+00', '23:59:59+00'),
(167, 5, '00:00:00+00', '23:59:59+00'),
(167, 6, '00:00:00+00', '23:59:59+00'),
(167, 7, '00:00:00+00', '23:59:59+00'),
(168, 1, '00:00:00+00', '23:59:59+00'),
(168, 2, '00:00:00+00', '23:59:59+00'),
(168, 3, '00:00:00+00', '23:59:59+00'),
(168, 4, '00:00:00+00', '23:59:59+00'),
(168, 5, '00:00:00+00', '23:59:59+00'),
(168, 6, '00:00:00+00', '23:59:59+00'),
(168, 7, '00:00:00+00', '23:59:59+00'),
(169, 1, '00:00:00+00', '23:59:59+00'),
(169, 2, '00:00:00+00', '23:59:59+00'),
(169, 3, '00:00:00+00', '23:59:59+00'),
(169, 4, '00:00:00+00', '23:59:59+00'),
(169, 5, '00:00:00+00', '23:59:59+00'),
(169, 6, '00:00:00+00', '23:59:59+00'),
(169, 7, '00:00:00+00', '23:59:59+00'),
(170, 1, '00:00:00+00', '23:59:59+00'),
(170, 2, '00:00:00+00', '23:59:59+00'),
(170, 3, '00:00:00+00', '23:59:59+00'),
(170, 4, '00:00:00+00', '23:59:59+00'),
(170, 5, '00:00:00+00', '23:59:59+00'),
(170, 6, '00:00:00+00', '23:59:59+00'),
(170, 7, '00:00:00+00', '23:59:59+00'),
(171, 1, '00:00:00+00', '23:59:59+00'),
(171, 2, '00:00:00+00', '23:59:59+00'),
(171, 3, '00:00:00+00', '23:59:59+00'),
(171, 4, '00:00:00+00', '23:59:59+00'),
(171, 5, '00:00:00+00', '23:59:59+00'),
(171, 6, '00:00:00+00', '23:59:59+00'),
(171, 7, '00:00:00+00', '23:59:59+00'),
(172, 1, '00:00:00+00', '23:59:59+00'),
(172, 2, '00:00:00+00', '23:59:59+00'),
(172, 3, '00:00:00+00', '23:59:59+00'),
(172, 4, '00:00:00+00', '23:59:59+00'),
(172, 5, '00:00:00+00', '23:59:59+00'),
(172, 6, '00:00:00+00', '23:59:59+00'),
(172, 7, '00:00:00+00', '23:59:59+00'),
(173, 1, '00:00:00+00', '23:59:59+00'),
(173, 2, '00:00:00+00', '23:59:59+00'),
(173, 3, '00:00:00+00', '23:59:59+00'),
(173, 4, '00:00:00+00', '23:59:59+00'),
(173, 5, '00:00:00+00', '23:59:59+00'),
(173, 6, '00:00:00+00', '23:59:59+00'),
(173, 7, '00:00:00+00', '23:59:59+00'),
(174, 1, '00:00:00+00', '23:59:59+00'),
(174, 2, '00:00:00+00', '23:59:59+00'),
(174, 3, '00:00:00+00', '23:59:59+00'),
(174, 4, '00:00:00+00', '23:59:59+00'),
(174, 5, '00:00:00+00', '23:59:59+00'),
(174, 6, '00:00:00+00', '23:59:59+00'),
(174, 7, '00:00:00+00', '23:59:59+00'),
(175, 1, '00:00:00+00', '23:59:59+00'),
(175, 2, '00:00:00+00', '23:59:59+00'),
(175, 3, '00:00:00+00', '23:59:59+00'),
(175, 4, '00:00:00+00', '23:59:59+00'),
(175, 5, '00:00:00+00', '23:59:59+00'),
(175, 6, '00:00:00+00', '23:59:59+00'),
(175, 7, '00:00:00+00', '23:59:59+00'),
(176, 1, '00:00:00+00', '23:59:59+00'),
(176, 2, '00:00:00+00', '23:59:59+00'),
(176, 3, '00:00:00+00', '23:59:59+00'),
(176, 4, '00:00:00+00', '23:59:59+00'),
(176, 5, '00:00:00+00', '23:59:59+00'),
(176, 6, '00:00:00+00', '23:59:59+00'),
(176, 7, '00:00:00+00', '23:59:59+00'),
(177, 1, '00:00:00+00', '23:59:59+00'),
(177, 2, '00:00:00+00', '23:59:59+00'),
(177, 3, '00:00:00+00', '23:59:59+00'),
(177, 4, '00:00:00+00', '23:59:59+00'),
(177, 5, '00:00:00+00', '23:59:59+00'),
(177, 6, '00:00:00+00', '23:59:59+00'),
(177, 7, '00:00:00+00', '23:59:59+00'),
(178, 1, '00:00:00+00', '23:59:59+00'),
(178, 2, '00:00:00+00', '23:59:59+00'),
(178, 3, '00:00:00+00', '23:59:59+00'),
(178, 4, '00:00:00+00', '23:59:59+00'),
(178, 5, '00:00:00+00', '23:59:59+00'),
(178, 6, '00:00:00+00', '23:59:59+00'),
(178, 7, '00:00:00+00', '23:59:59+00'),
(179, 1, '00:00:00+00', '23:59:59+00'),
(179, 2, '00:00:00+00', '23:59:59+00'),
(179, 3, '00:00:00+00', '23:59:59+00'),
(179, 4, '00:00:00+00', '23:59:59+00'),
(179, 5, '00:00:00+00', '23:59:59+00'),
(179, 6, '00:00:00+00', '23:59:59+00'),
(179, 7, '00:00:00+00', '23:59:59+00'),
(180, 1, '00:00:00+00', '23:59:59+00'),
(180, 2, '00:00:00+00', '23:59:59+00'),
(180, 3, '00:00:00+00', '23:59:59+00'),
(180, 4, '00:00:00+00', '23:59:59+00'),
(180, 5, '00:00:00+00', '23:59:59+00'),
(180, 6, '00:00:00+00', '23:59:59+00'),
(180, 7, '00:00:00+00', '23:59:59+00'),
(181, 1, '00:00:00+00', '23:59:59+00'),
(181, 2, '00:00:00+00', '23:59:59+00'),
(181, 3, '00:00:00+00', '23:59:59+00'),
(181, 4, '00:00:00+00', '23:59:59+00'),
(181, 5, '00:00:00+00', '23:59:59+00'),
(181, 6, '00:00:00+00', '23:59:59+00'),
(181, 7, '00:00:00+00', '23:59:59+00'),
(182, 1, '00:00:00+00', '23:59:59+00'),
(182, 2, '00:00:00+00', '23:59:59+00'),
(182, 3, '00:00:00+00', '23:59:59+00'),
(182, 4, '00:00:00+00', '23:59:59+00'),
(182, 5, '00:00:00+00', '23:59:59+00'),
(182, 6, '00:00:00+00', '23:59:59+00'),
(182, 7, '00:00:00+00', '23:59:59+00'),
(183, 1, '00:00:00+00', '23:59:59+00'),
(183, 2, '00:00:00+00', '23:59:59+00'),
(183, 3, '00:00:00+00', '23:59:59+00'),
(183, 4, '00:00:00+00', '23:59:59+00'),
(183, 5, '00:00:00+00', '23:59:59+00'),
(183, 6, '00:00:00+00', '23:59:59+00'),
(183, 7, '00:00:00+00', '23:59:59+00'),
(184, 1, '00:00:00+00', '23:59:59+00'),
(184, 2, '00:00:00+00', '23:59:59+00'),
(184, 3, '00:00:00+00', '23:59:59+00'),
(184, 4, '00:00:00+00', '23:59:59+00'),
(184, 5, '00:00:00+00', '23:59:59+00'),
(184, 6, '00:00:00+00', '23:59:59+00'),
(184, 7, '00:00:00+00', '23:59:59+00'),
(185, 1, '00:00:00+00', '23:59:59+00'),
(185, 2, '00:00:00+00', '23:59:59+00'),
(185, 3, '00:00:00+00', '23:59:59+00'),
(185, 4, '00:00:00+00', '23:59:59+00'),
(185, 5, '00:00:00+00', '23:59:59+00'),
(185, 6, '00:00:00+00', '23:59:59+00'),
(185, 7, '00:00:00+00', '23:59:59+00'),
(186, 1, '00:00:00+00', '23:59:59+00'),
(186, 2, '00:00:00+00', '23:59:59+00'),
(186, 3, '00:00:00+00', '23:59:59+00'),
(186, 4, '00:00:00+00', '23:59:59+00'),
(186, 5, '00:00:00+00', '23:59:59+00'),
(186, 6, '00:00:00+00', '23:59:59+00'),
(186, 7, '00:00:00+00', '23:59:59+00'),
(187, 1, '00:00:00+00', '23:59:59+00'),
(187, 2, '00:00:00+00', '23:59:59+00'),
(187, 3, '00:00:00+00', '23:59:59+00'),
(187, 4, '00:00:00+00', '23:59:59+00'),
(187, 5, '00:00:00+00', '23:59:59+00'),
(187, 6, '00:00:00+00', '23:59:59+00'),
(187, 7, '00:00:00+00', '23:59:59+00'),
(188, 1, '00:00:00+00', '23:59:59+00'),
(188, 2, '00:00:00+00', '23:59:59+00'),
(188, 3, '00:00:00+00', '23:59:59+00'),
(188, 4, '00:00:00+00', '23:59:59+00'),
(188, 5, '00:00:00+00', '23:59:59+00'),
(188, 6, '00:00:00+00', '23:59:59+00'),
(188, 7, '00:00:00+00', '23:59:59+00'),
(189, 1, '00:00:00+00', '23:59:59+00'),
(189, 2, '00:00:00+00', '23:59:59+00'),
(189, 3, '00:00:00+00', '23:59:59+00'),
(189, 4, '00:00:00+00', '23:59:59+00'),
(189, 5, '00:00:00+00', '23:59:59+00'),
(189, 6, '00:00:00+00', '23:59:59+00'),
(189, 7, '00:00:00+00', '23:59:59+00'),
(190, 1, '00:00:00+00', '23:59:59+00'),
(190, 2, '00:00:00+00', '23:59:59+00'),
(190, 3, '00:00:00+00', '23:59:59+00'),
(190, 4, '00:00:00+00', '23:59:59+00'),
(190, 5, '00:00:00+00', '23:59:59+00'),
(190, 6, '00:00:00+00', '23:59:59+00'),
(190, 7, '00:00:00+00', '23:59:59+00'),
(191, 1, '00:00:00+00', '23:59:59+00'),
(191, 2, '00:00:00+00', '23:59:59+00'),
(191, 3, '00:00:00+00', '23:59:59+00'),
(191, 4, '00:00:00+00', '23:59:59+00'),
(191, 5, '00:00:00+00', '23:59:59+00'),
(191, 6, '00:00:00+00', '23:59:59+00'),
(191, 7, '00:00:00+00', '23:59:59+00'),
(192, 1, '00:00:00+00', '23:59:59+00'),
(192, 2, '00:00:00+00', '23:59:59+00'),
(192, 3, '00:00:00+00', '23:59:59+00'),
(192, 4, '00:00:00+00', '23:59:59+00'),
(192, 5, '00:00:00+00', '23:59:59+00'),
(192, 6, '00:00:00+00', '23:59:59+00'),
(192, 7, '00:00:00+00', '23:59:59+00'),
(193, 1, '00:00:00+00', '23:59:59+00'),
(193, 2, '00:00:00+00', '23:59:59+00'),
(193, 3, '00:00:00+00', '23:59:59+00'),
(193, 4, '00:00:00+00', '23:59:59+00'),
(193, 5, '00:00:00+00', '23:59:59+00'),
(193, 6, '00:00:00+00', '23:59:59+00'),
(193, 7, '00:00:00+00', '23:59:59+00'),
(194, 1, '00:00:00+00', '23:59:59+00'),
(194, 2, '00:00:00+00', '23:59:59+00'),
(194, 3, '00:00:00+00', '23:59:59+00'),
(194, 4, '00:00:00+00', '23:59:59+00'),
(194, 5, '00:00:00+00', '23:59:59+00'),
(194, 6, '00:00:00+00', '23:59:59+00'),
(194, 7, '00:00:00+00', '23:59:59+00'),
(195, 1, '00:00:00+00', '23:59:59+00'),
(195, 2, '00:00:00+00', '23:59:59+00'),
(195, 3, '00:00:00+00', '23:59:59+00'),
(195, 4, '00:00:00+00', '23:59:59+00'),
(195, 5, '00:00:00+00', '23:59:59+00'),
(195, 6, '00:00:00+00', '23:59:59+00'),
(195, 7, '00:00:00+00', '23:59:59+00'),
(196, 1, '00:00:00+00', '23:59:59+00'),
(196, 2, '00:00:00+00', '23:59:59+00'),
(196, 3, '00:00:00+00', '23:59:59+00'),
(196, 4, '00:00:00+00', '23:59:59+00'),
(196, 5, '00:00:00+00', '23:59:59+00'),
(196, 6, '00:00:00+00', '23:59:59+00'),
(196, 7, '00:00:00+00', '23:59:59+00'),
(197, 1, '00:00:00+00', '23:59:59+00'),
(197, 2, '00:00:00+00', '23:59:59+00'),
(197, 3, '00:00:00+00', '23:59:59+00'),
(197, 4, '00:00:00+00', '23:59:59+00'),
(197, 5, '00:00:00+00', '23:59:59+00'),
(197, 6, '00:00:00+00', '23:59:59+00'),
(197, 7, '00:00:00+00', '23:59:59+00'),
(198, 1, '00:00:00+00', '23:59:59+00'),
(198, 2, '00:00:00+00', '23:59:59+00'),
(198, 3, '00:00:00+00', '23:59:59+00'),
(198, 4, '00:00:00+00', '23:59:59+00'),
(198, 5, '00:00:00+00', '23:59:59+00'),
(198, 6, '00:00:00+00', '23:59:59+00'),
(198, 7, '00:00:00+00', '23:59:59+00'),
(199, 1, '00:00:00+00', '23:59:59+00'),
(199, 2, '00:00:00+00', '23:59:59+00'),
(199, 3, '00:00:00+00', '23:59:59+00'),
(199, 4, '00:00:00+00', '23:59:59+00'),
(199, 5, '00:00:00+00', '23:59:59+00'),
(199, 6, '00:00:00+00', '23:59:59+00'),
(199, 7, '00:00:00+00', '23:59:59+00'),
(200, 1, '00:00:00+00', '23:59:59+00'),
(200, 2, '00:00:00+00', '23:59:59+00'),
(200, 3, '00:00:00+00', '23:59:59+00'),
(200, 4, '00:00:00+00', '23:59:59+00'),
(200, 5, '00:00:00+00', '23:59:59+00'),
(200, 6, '00:00:00+00', '23:59:59+00'),
(200, 7, '00:00:00+00', '23:59:59+00'),
(201, 1, '00:00:00+00', '23:59:59+00'),
(201, 2, '00:00:00+00', '23:59:59+00'),
(201, 3, '00:00:00+00', '23:59:59+00'),
(201, 4, '00:00:00+00', '23:59:59+00'),
(201, 5, '00:00:00+00', '23:59:59+00'),
(201, 6, '00:00:00+00', '23:59:59+00'),
(201, 7, '00:00:00+00', '23:59:59+00'),
(202, 1, '00:00:00+00', '23:59:59+00'),
(202, 2, '00:00:00+00', '23:59:59+00'),
(202, 3, '00:00:00+00', '23:59:59+00'),
(202, 4, '00:00:00+00', '23:59:59+00'),
(202, 5, '00:00:00+00', '23:59:59+00'),
(202, 6, '00:00:00+00', '23:59:59+00'),
(202, 7, '00:00:00+00', '23:59:59+00'),
(203, 1, '00:00:00+00', '23:59:59+00'),
(203, 2, '00:00:00+00', '23:59:59+00'),
(203, 3, '00:00:00+00', '23:59:59+00'),
(203, 4, '00:00:00+00', '23:59:59+00'),
(203, 5, '00:00:00+00', '23:59:59+00'),
(203, 6, '00:00:00+00', '23:59:59+00'),
(203, 7, '00:00:00+00', '23:59:59+00'),
(204, 1, '00:00:00+00', '23:59:59+00'),
(204, 2, '00:00:00+00', '23:59:59+00'),
(204, 3, '00:00:00+00', '23:59:59+00'),
(204, 4, '00:00:00+00', '23:59:59+00'),
(204, 5, '00:00:00+00', '23:59:59+00'),
(204, 6, '00:00:00+00', '23:59:59+00'),
(204, 7, '00:00:00+00', '23:59:59+00'),
(205, 1, '00:00:00+00', '23:59:59+00'),
(205, 2, '00:00:00+00', '23:59:59+00'),
(205, 3, '00:00:00+00', '23:59:59+00'),
(205, 4, '00:00:00+00', '23:59:59+00'),
(205, 5, '00:00:00+00', '23:59:59+00'),
(205, 6, '00:00:00+00', '23:59:59+00'),
(205, 7, '00:00:00+00', '23:59:59+00'),
(206, 1, '00:00:00+00', '23:59:59+00'),
(206, 2, '00:00:00+00', '23:59:59+00'),
(206, 3, '00:00:00+00', '23:59:59+00'),
(206, 4, '00:00:00+00', '23:59:59+00'),
(206, 5, '00:00:00+00', '23:59:59+00'),
(206, 6, '00:00:00+00', '23:59:59+00'),
(206, 7, '00:00:00+00', '23:59:59+00'),
(207, 1, '00:00:00+00', '23:59:59+00'),
(207, 2, '00:00:00+00', '23:59:59+00'),
(207, 3, '00:00:00+00', '23:59:59+00'),
(207, 4, '00:00:00+00', '23:59:59+00'),
(207, 5, '00:00:00+00', '23:59:59+00'),
(207, 6, '00:00:00+00', '23:59:59+00'),
(207, 7, '00:00:00+00', '23:59:59+00'),
(208, 1, '00:00:00+00', '23:59:59+00'),
(208, 2, '00:00:00+00', '23:59:59+00'),
(208, 3, '00:00:00+00', '23:59:59+00'),
(208, 4, '00:00:00+00', '23:59:59+00'),
(208, 5, '00:00:00+00', '23:59:59+00'),
(208, 6, '00:00:00+00', '23:59:59+00'),
(208, 7, '00:00:00+00', '23:59:59+00'),
(209, 1, '00:00:00+00', '23:59:59+00'),
(209, 2, '00:00:00+00', '23:59:59+00'),
(209, 3, '00:00:00+00', '23:59:59+00'),
(209, 4, '00:00:00+00', '23:59:59+00'),
(209, 5, '00:00:00+00', '23:59:59+00'),
(209, 6, '00:00:00+00', '23:59:59+00'),
(209, 7, '00:00:00+00', '23:59:59+00'),
(210, 1, '00:00:00+00', '23:59:59+00'),
(210, 2, '00:00:00+00', '23:59:59+00'),
(210, 3, '00:00:00+00', '23:59:59+00'),
(210, 4, '00:00:00+00', '23:59:59+00'),
(210, 5, '00:00:00+00', '23:59:59+00'),
(210, 6, '00:00:00+00', '23:59:59+00'),
(210, 7, '00:00:00+00', '23:59:59+00'),
(211, 1, '00:00:00+00', '23:59:59+00'),
(211, 2, '00:00:00+00', '23:59:59+00'),
(211, 3, '00:00:00+00', '23:59:59+00'),
(211, 4, '00:00:00+00', '23:59:59+00'),
(211, 5, '00:00:00+00', '23:59:59+00'),
(211, 6, '00:00:00+00', '23:59:59+00'),
(211, 7, '00:00:00+00', '23:59:59+00'),
(212, 1, '00:00:00+00', '23:59:59+00'),
(212, 2, '00:00:00+00', '23:59:59+00'),
(212, 3, '00:00:00+00', '23:59:59+00'),
(212, 4, '00:00:00+00', '23:59:59+00'),
(212, 5, '00:00:00+00', '23:59:59+00'),
(212, 6, '00:00:00+00', '23:59:59+00'),
(212, 7, '00:00:00+00', '23:59:59+00'),
(213, 1, '00:00:00+00', '23:59:59+00'),
(213, 2, '00:00:00+00', '23:59:59+00'),
(213, 3, '00:00:00+00', '23:59:59+00'),
(213, 4, '00:00:00+00', '23:59:59+00'),
(213, 5, '00:00:00+00', '23:59:59+00'),
(213, 6, '00:00:00+00', '23:59:59+00'),
(213, 7, '00:00:00+00', '23:59:59+00'),
(214, 1, '00:00:00+00', '23:59:59+00'),
(214, 2, '00:00:00+00', '23:59:59+00'),
(214, 3, '00:00:00+00', '23:59:59+00'),
(214, 4, '00:00:00+00', '23:59:59+00'),
(214, 5, '00:00:00+00', '23:59:59+00'),
(214, 6, '00:00:00+00', '23:59:59+00'),
(214, 7, '00:00:00+00', '23:59:59+00'),
(215, 1, '00:00:00+00', '23:59:59+00'),
(215, 2, '00:00:00+00', '23:59:59+00');

INSERT INTO "public"."poi_hours" ("poi_id", "day_of_week", "open_at", "close_at") VALUES
(215, 3, '00:00:00+00', '23:59:59+00'),
(215, 4, '00:00:00+00', '23:59:59+00'),
(215, 5, '00:00:00+00', '23:59:59+00'),
(215, 6, '00:00:00+00', '23:59:59+00'),
(215, 7, '00:00:00+00', '23:59:59+00'),
(216, 1, '00:00:00+00', '23:59:59+00'),
(216, 2, '00:00:00+00', '23:59:59+00'),
(216, 3, '00:00:00+00', '23:59:59+00'),
(216, 4, '00:00:00+00', '23:59:59+00'),
(216, 5, '00:00:00+00', '23:59:59+00'),
(216, 6, '00:00:00+00', '23:59:59+00'),
(216, 7, '00:00:00+00', '23:59:59+00'),
(217, 1, '00:00:00+00', '23:59:59+00'),
(217, 2, '00:00:00+00', '23:59:59+00'),
(217, 3, '00:00:00+00', '23:59:59+00'),
(217, 4, '00:00:00+00', '23:59:59+00'),
(217, 5, '00:00:00+00', '23:59:59+00'),
(217, 6, '00:00:00+00', '23:59:59+00'),
(217, 7, '00:00:00+00', '23:59:59+00'),
(218, 1, '00:00:00+00', '23:59:59+00'),
(218, 2, '00:00:00+00', '23:59:59+00'),
(218, 3, '00:00:00+00', '23:59:59+00'),
(218, 4, '00:00:00+00', '23:59:59+00'),
(218, 5, '00:00:00+00', '23:59:59+00'),
(218, 6, '00:00:00+00', '23:59:59+00'),
(218, 7, '00:00:00+00', '23:59:59+00'),
(219, 1, '00:00:00+00', '23:59:59+00'),
(219, 2, '00:00:00+00', '23:59:59+00'),
(219, 3, '00:00:00+00', '23:59:59+00'),
(219, 4, '00:00:00+00', '23:59:59+00'),
(219, 5, '00:00:00+00', '23:59:59+00'),
(219, 6, '00:00:00+00', '23:59:59+00'),
(219, 7, '00:00:00+00', '23:59:59+00'),
(220, 1, '00:00:00+00', '23:59:59+00'),
(220, 2, '00:00:00+00', '23:59:59+00'),
(220, 3, '00:00:00+00', '23:59:59+00'),
(220, 4, '00:00:00+00', '23:59:59+00'),
(220, 5, '00:00:00+00', '23:59:59+00'),
(220, 6, '00:00:00+00', '23:59:59+00'),
(220, 7, '00:00:00+00', '23:59:59+00'),
(221, 1, '00:00:00+00', '23:59:59+00'),
(221, 2, '00:00:00+00', '23:59:59+00'),
(221, 3, '00:00:00+00', '23:59:59+00'),
(221, 4, '00:00:00+00', '23:59:59+00'),
(221, 5, '00:00:00+00', '23:59:59+00'),
(221, 6, '00:00:00+00', '23:59:59+00'),
(221, 7, '00:00:00+00', '23:59:59+00'),
(222, 1, '00:00:00+00', '23:59:59+00'),
(222, 2, '00:00:00+00', '23:59:59+00'),
(222, 3, '00:00:00+00', '23:59:59+00'),
(222, 4, '00:00:00+00', '23:59:59+00'),
(222, 5, '00:00:00+00', '23:59:59+00'),
(222, 6, '00:00:00+00', '23:59:59+00'),
(222, 7, '00:00:00+00', '23:59:59+00'),
(223, 1, '00:00:00+00', '23:59:59+00'),
(223, 2, '00:00:00+00', '23:59:59+00'),
(223, 3, '00:00:00+00', '23:59:59+00'),
(223, 4, '00:00:00+00', '23:59:59+00'),
(223, 5, '00:00:00+00', '23:59:59+00'),
(223, 6, '00:00:00+00', '23:59:59+00'),
(223, 7, '00:00:00+00', '23:59:59+00'),
(224, 1, '00:00:00+00', '23:59:59+00'),
(224, 2, '00:00:00+00', '23:59:59+00'),
(224, 3, '00:00:00+00', '23:59:59+00'),
(224, 4, '00:00:00+00', '23:59:59+00'),
(224, 5, '00:00:00+00', '23:59:59+00'),
(224, 6, '00:00:00+00', '23:59:59+00'),
(224, 7, '00:00:00+00', '23:59:59+00'),
(225, 1, '00:00:00+00', '23:59:59+00'),
(225, 2, '00:00:00+00', '23:59:59+00'),
(225, 3, '00:00:00+00', '23:59:59+00'),
(225, 4, '00:00:00+00', '23:59:59+00'),
(225, 5, '00:00:00+00', '23:59:59+00'),
(225, 6, '00:00:00+00', '23:59:59+00'),
(225, 7, '00:00:00+00', '23:59:59+00'),
(226, 1, '00:00:00+00', '23:59:59+00'),
(226, 2, '00:00:00+00', '23:59:59+00'),
(226, 3, '00:00:00+00', '23:59:59+00'),
(226, 4, '00:00:00+00', '23:59:59+00'),
(226, 5, '00:00:00+00', '23:59:59+00'),
(226, 6, '00:00:00+00', '23:59:59+00'),
(226, 7, '00:00:00+00', '23:59:59+00'),
(227, 1, '00:00:00+00', '23:59:59+00'),
(227, 2, '00:00:00+00', '23:59:59+00'),
(227, 3, '00:00:00+00', '23:59:59+00'),
(227, 4, '00:00:00+00', '23:59:59+00'),
(227, 5, '00:00:00+00', '23:59:59+00'),
(227, 6, '00:00:00+00', '23:59:59+00'),
(227, 7, '00:00:00+00', '23:59:59+00'),
(228, 1, '00:00:00+00', '23:59:59+00'),
(228, 2, '00:00:00+00', '23:59:59+00'),
(228, 3, '00:00:00+00', '23:59:59+00'),
(228, 4, '00:00:00+00', '23:59:59+00'),
(228, 5, '00:00:00+00', '23:59:59+00'),
(228, 6, '00:00:00+00', '23:59:59+00'),
(228, 7, '00:00:00+00', '23:59:59+00'),
(229, 1, '00:00:00+00', '23:59:59+00'),
(229, 2, '00:00:00+00', '23:59:59+00'),
(229, 3, '00:00:00+00', '23:59:59+00'),
(229, 4, '00:00:00+00', '23:59:59+00'),
(229, 5, '00:00:00+00', '23:59:59+00'),
(229, 6, '00:00:00+00', '23:59:59+00'),
(229, 7, '00:00:00+00', '23:59:59+00'),
(230, 1, '00:00:00+00', '23:59:59+00'),
(230, 2, '00:00:00+00', '23:59:59+00'),
(230, 3, '00:00:00+00', '23:59:59+00'),
(230, 4, '00:00:00+00', '23:59:59+00'),
(230, 5, '00:00:00+00', '23:59:59+00'),
(230, 6, '00:00:00+00', '23:59:59+00'),
(230, 7, '00:00:00+00', '23:59:59+00'),
(231, 1, '00:00:00+00', '23:59:59+00'),
(231, 2, '00:00:00+00', '23:59:59+00'),
(231, 3, '00:00:00+00', '23:59:59+00'),
(231, 4, '00:00:00+00', '23:59:59+00'),
(231, 5, '00:00:00+00', '23:59:59+00'),
(231, 6, '00:00:00+00', '23:59:59+00'),
(231, 7, '00:00:00+00', '23:59:59+00'),
(232, 1, '00:00:00+00', '23:59:59+00'),
(232, 2, '00:00:00+00', '23:59:59+00'),
(232, 3, '00:00:00+00', '23:59:59+00'),
(232, 4, '00:00:00+00', '23:59:59+00'),
(232, 5, '00:00:00+00', '23:59:59+00'),
(232, 6, '00:00:00+00', '23:59:59+00'),
(232, 7, '00:00:00+00', '23:59:59+00'),
(233, 1, '00:00:00+00', '23:59:59+00'),
(233, 2, '00:00:00+00', '23:59:59+00'),
(233, 3, '00:00:00+00', '23:59:59+00'),
(233, 4, '00:00:00+00', '23:59:59+00'),
(233, 5, '00:00:00+00', '23:59:59+00'),
(233, 6, '00:00:00+00', '23:59:59+00'),
(233, 7, '00:00:00+00', '23:59:59+00'),
(234, 1, '00:00:00+00', '23:59:59+00'),
(234, 2, '00:00:00+00', '23:59:59+00'),
(234, 3, '00:00:00+00', '23:59:59+00'),
(234, 4, '00:00:00+00', '23:59:59+00'),
(234, 5, '00:00:00+00', '23:59:59+00'),
(234, 6, '00:00:00+00', '23:59:59+00'),
(234, 7, '00:00:00+00', '23:59:59+00'),
(235, 1, '00:00:00+00', '23:59:59+00'),
(235, 2, '00:00:00+00', '23:59:59+00'),
(235, 3, '00:00:00+00', '23:59:59+00'),
(235, 4, '00:00:00+00', '23:59:59+00'),
(235, 5, '00:00:00+00', '23:59:59+00'),
(235, 6, '00:00:00+00', '23:59:59+00'),
(235, 7, '00:00:00+00', '23:59:59+00'),
(236, 1, '00:00:00+00', '23:59:59+00'),
(236, 2, '00:00:00+00', '23:59:59+00'),
(236, 3, '00:00:00+00', '23:59:59+00'),
(236, 4, '00:00:00+00', '23:59:59+00'),
(236, 5, '00:00:00+00', '23:59:59+00'),
(236, 6, '00:00:00+00', '23:59:59+00'),
(236, 7, '00:00:00+00', '23:59:59+00'),
(237, 1, '00:00:00+00', '23:59:59+00'),
(237, 2, '00:00:00+00', '23:59:59+00'),
(237, 3, '00:00:00+00', '23:59:59+00'),
(237, 4, '00:00:00+00', '23:59:59+00'),
(237, 5, '00:00:00+00', '23:59:59+00'),
(237, 6, '00:00:00+00', '23:59:59+00'),
(237, 7, '00:00:00+00', '23:59:59+00'),
(238, 1, '00:00:00+00', '23:59:59+00'),
(238, 2, '00:00:00+00', '23:59:59+00'),
(238, 3, '00:00:00+00', '23:59:59+00'),
(238, 4, '00:00:00+00', '23:59:59+00'),
(238, 5, '00:00:00+00', '23:59:59+00'),
(238, 6, '00:00:00+00', '23:59:59+00'),
(238, 7, '00:00:00+00', '23:59:59+00'),
(239, 1, '00:00:00+00', '23:59:59+00'),
(239, 2, '00:00:00+00', '23:59:59+00'),
(239, 3, '00:00:00+00', '23:59:59+00'),
(239, 4, '00:00:00+00', '23:59:59+00'),
(239, 5, '00:00:00+00', '23:59:59+00'),
(239, 6, '00:00:00+00', '23:59:59+00'),
(239, 7, '00:00:00+00', '23:59:59+00'),
(240, 1, '00:00:00+00', '23:59:59+00'),
(240, 2, '00:00:00+00', '23:59:59+00'),
(240, 3, '00:00:00+00', '23:59:59+00'),
(240, 4, '00:00:00+00', '23:59:59+00'),
(240, 5, '00:00:00+00', '23:59:59+00'),
(240, 6, '00:00:00+00', '23:59:59+00'),
(240, 7, '00:00:00+00', '23:59:59+00'),
(241, 1, '00:00:00+00', '23:59:59+00'),
(241, 2, '00:00:00+00', '23:59:59+00'),
(241, 3, '00:00:00+00', '23:59:59+00'),
(241, 4, '00:00:00+00', '23:59:59+00'),
(241, 5, '00:00:00+00', '23:59:59+00'),
(241, 6, '00:00:00+00', '23:59:59+00'),
(241, 7, '00:00:00+00', '23:59:59+00'),
(242, 1, '00:00:00+00', '23:59:59+00'),
(242, 2, '00:00:00+00', '23:59:59+00'),
(242, 3, '00:00:00+00', '23:59:59+00'),
(242, 4, '00:00:00+00', '23:59:59+00'),
(242, 5, '00:00:00+00', '23:59:59+00'),
(242, 6, '00:00:00+00', '23:59:59+00'),
(242, 7, '00:00:00+00', '23:59:59+00'),
(243, 1, '00:00:00+00', '23:59:59+00'),
(243, 2, '00:00:00+00', '23:59:59+00'),
(243, 3, '00:00:00+00', '23:59:59+00'),
(243, 4, '00:00:00+00', '23:59:59+00'),
(243, 5, '00:00:00+00', '23:59:59+00'),
(243, 6, '00:00:00+00', '23:59:59+00'),
(243, 7, '00:00:00+00', '23:59:59+00'),
(244, 1, '00:00:00+00', '23:59:59+00'),
(244, 2, '00:00:00+00', '23:59:59+00'),
(244, 3, '00:00:00+00', '23:59:59+00'),
(244, 4, '00:00:00+00', '23:59:59+00'),
(244, 5, '00:00:00+00', '23:59:59+00'),
(244, 6, '00:00:00+00', '23:59:59+00'),
(244, 7, '00:00:00+00', '23:59:59+00'),
(245, 1, '00:00:00+00', '23:59:59+00'),
(245, 2, '00:00:00+00', '23:59:59+00'),
(245, 3, '00:00:00+00', '23:59:59+00'),
(245, 4, '00:00:00+00', '23:59:59+00'),
(245, 5, '00:00:00+00', '23:59:59+00'),
(245, 6, '00:00:00+00', '23:59:59+00'),
(245, 7, '00:00:00+00', '23:59:59+00'),
(246, 1, '00:00:00+00', '23:59:59+00'),
(246, 2, '00:00:00+00', '23:59:59+00'),
(246, 3, '00:00:00+00', '23:59:59+00'),
(246, 4, '00:00:00+00', '23:59:59+00'),
(246, 5, '00:00:00+00', '23:59:59+00'),
(246, 6, '00:00:00+00', '23:59:59+00'),
(246, 7, '00:00:00+00', '23:59:59+00'),
(247, 1, '00:00:00+00', '23:59:59+00'),
(247, 2, '00:00:00+00', '23:59:59+00'),
(247, 3, '00:00:00+00', '23:59:59+00'),
(247, 4, '00:00:00+00', '23:59:59+00'),
(247, 5, '00:00:00+00', '23:59:59+00'),
(247, 6, '00:00:00+00', '23:59:59+00'),
(247, 7, '00:00:00+00', '23:59:59+00'),
(248, 1, '00:00:00+00', '23:59:59+00'),
(248, 2, '00:00:00+00', '23:59:59+00'),
(248, 3, '00:00:00+00', '23:59:59+00'),
(248, 4, '00:00:00+00', '23:59:59+00'),
(248, 5, '00:00:00+00', '23:59:59+00'),
(248, 6, '00:00:00+00', '23:59:59+00'),
(248, 7, '00:00:00+00', '23:59:59+00'),
(249, 1, '00:00:00+00', '23:59:59+00'),
(249, 2, '00:00:00+00', '23:59:59+00'),
(249, 3, '00:00:00+00', '23:59:59+00'),
(249, 4, '00:00:00+00', '23:59:59+00'),
(249, 5, '00:00:00+00', '23:59:59+00'),
(249, 6, '00:00:00+00', '23:59:59+00'),
(249, 7, '00:00:00+00', '23:59:59+00'),
(250, 1, '00:00:00+00', '23:59:59+00'),
(250, 2, '00:00:00+00', '23:59:59+00'),
(250, 3, '00:00:00+00', '23:59:59+00'),
(250, 4, '00:00:00+00', '23:59:59+00'),
(250, 5, '00:00:00+00', '23:59:59+00'),
(250, 6, '00:00:00+00', '23:59:59+00'),
(250, 7, '00:00:00+00', '23:59:59+00'),
(251, 1, '00:00:00+00', '23:59:59+00'),
(251, 2, '00:00:00+00', '23:59:59+00'),
(251, 3, '00:00:00+00', '23:59:59+00'),
(251, 4, '00:00:00+00', '23:59:59+00'),
(251, 5, '00:00:00+00', '23:59:59+00'),
(251, 6, '00:00:00+00', '23:59:59+00'),
(251, 7, '00:00:00+00', '23:59:59+00'),
(252, 1, '00:00:00+00', '23:59:59+00'),
(252, 2, '00:00:00+00', '23:59:59+00'),
(252, 3, '00:00:00+00', '23:59:59+00'),
(252, 4, '00:00:00+00', '23:59:59+00'),
(252, 5, '00:00:00+00', '23:59:59+00'),
(252, 6, '00:00:00+00', '23:59:59+00'),
(252, 7, '00:00:00+00', '23:59:59+00'),
(253, 1, '00:00:00+00', '23:59:59+00'),
(253, 2, '00:00:00+00', '23:59:59+00'),
(253, 3, '00:00:00+00', '23:59:59+00'),
(253, 4, '00:00:00+00', '23:59:59+00'),
(253, 5, '00:00:00+00', '23:59:59+00'),
(253, 6, '00:00:00+00', '23:59:59+00'),
(253, 7, '00:00:00+00', '23:59:59+00'),
(254, 1, '00:00:00+00', '23:59:59+00'),
(254, 2, '00:00:00+00', '23:59:59+00'),
(254, 3, '00:00:00+00', '23:59:59+00'),
(254, 4, '00:00:00+00', '23:59:59+00'),
(254, 5, '00:00:00+00', '23:59:59+00'),
(254, 6, '00:00:00+00', '23:59:59+00'),
(254, 7, '00:00:00+00', '23:59:59+00'),
(255, 1, '00:00:00+00', '23:59:59+00'),
(255, 2, '00:00:00+00', '23:59:59+00'),
(255, 3, '00:00:00+00', '23:59:59+00'),
(255, 4, '00:00:00+00', '23:59:59+00'),
(255, 5, '00:00:00+00', '23:59:59+00'),
(255, 6, '00:00:00+00', '23:59:59+00'),
(255, 7, '00:00:00+00', '23:59:59+00'),
(256, 1, '00:00:00+00', '23:59:59+00'),
(256, 2, '00:00:00+00', '23:59:59+00'),
(256, 3, '00:00:00+00', '23:59:59+00'),
(256, 4, '00:00:00+00', '23:59:59+00'),
(256, 5, '00:00:00+00', '23:59:59+00'),
(256, 6, '00:00:00+00', '23:59:59+00'),
(256, 7, '00:00:00+00', '23:59:59+00'),
(257, 1, '00:00:00+00', '23:59:59+00'),
(257, 2, '00:00:00+00', '23:59:59+00'),
(257, 3, '00:00:00+00', '23:59:59+00'),
(257, 4, '00:00:00+00', '23:59:59+00'),
(257, 5, '00:00:00+00', '23:59:59+00'),
(257, 6, '00:00:00+00', '23:59:59+00'),
(257, 7, '00:00:00+00', '23:59:59+00'),
(258, 1, '00:00:00+00', '23:59:59+00'),
(258, 2, '00:00:00+00', '23:59:59+00'),
(258, 3, '00:00:00+00', '23:59:59+00'),
(258, 4, '00:00:00+00', '23:59:59+00'),
(258, 5, '00:00:00+00', '23:59:59+00'),
(258, 6, '00:00:00+00', '23:59:59+00'),
(258, 7, '00:00:00+00', '23:59:59+00'),
(259, 1, '00:00:00+00', '23:59:59+00'),
(259, 2, '00:00:00+00', '23:59:59+00'),
(259, 3, '00:00:00+00', '23:59:59+00'),
(259, 4, '00:00:00+00', '23:59:59+00'),
(259, 5, '00:00:00+00', '23:59:59+00'),
(259, 6, '00:00:00+00', '23:59:59+00'),
(259, 7, '00:00:00+00', '23:59:59+00'),
(260, 1, '00:00:00+00', '23:59:59+00'),
(260, 2, '00:00:00+00', '23:59:59+00'),
(260, 3, '00:00:00+00', '23:59:59+00'),
(260, 4, '00:00:00+00', '23:59:59+00'),
(260, 5, '00:00:00+00', '23:59:59+00'),
(260, 6, '00:00:00+00', '23:59:59+00'),
(260, 7, '00:00:00+00', '23:59:59+00'),
(261, 1, '00:00:00+00', '23:59:59+00'),
(261, 2, '00:00:00+00', '23:59:59+00'),
(261, 3, '00:00:00+00', '23:59:59+00'),
(261, 4, '00:00:00+00', '23:59:59+00'),
(261, 5, '00:00:00+00', '23:59:59+00'),
(261, 6, '00:00:00+00', '23:59:59+00'),
(261, 7, '00:00:00+00', '23:59:59+00'),
(262, 1, '00:00:00+00', '23:59:59+00'),
(262, 2, '00:00:00+00', '23:59:59+00'),
(262, 3, '00:00:00+00', '23:59:59+00'),
(262, 4, '00:00:00+00', '23:59:59+00'),
(262, 5, '00:00:00+00', '23:59:59+00'),
(262, 6, '00:00:00+00', '23:59:59+00'),
(262, 7, '00:00:00+00', '23:59:59+00'),
(263, 1, '00:00:00+00', '23:59:59+00'),
(263, 2, '00:00:00+00', '23:59:59+00'),
(263, 3, '00:00:00+00', '23:59:59+00'),
(263, 4, '00:00:00+00', '23:59:59+00'),
(263, 5, '00:00:00+00', '23:59:59+00'),
(263, 6, '00:00:00+00', '23:59:59+00'),
(263, 7, '00:00:00+00', '23:59:59+00'),
(264, 1, '00:00:00+00', '23:59:59+00'),
(264, 2, '00:00:00+00', '23:59:59+00'),
(264, 3, '00:00:00+00', '23:59:59+00'),
(264, 4, '00:00:00+00', '23:59:59+00'),
(264, 5, '00:00:00+00', '23:59:59+00'),
(264, 6, '00:00:00+00', '23:59:59+00'),
(264, 7, '00:00:00+00', '23:59:59+00'),
(265, 1, '00:00:00+00', '23:59:59+00'),
(265, 2, '00:00:00+00', '23:59:59+00'),
(265, 3, '00:00:00+00', '23:59:59+00'),
(265, 4, '00:00:00+00', '23:59:59+00'),
(265, 5, '00:00:00+00', '23:59:59+00'),
(265, 6, '00:00:00+00', '23:59:59+00'),
(265, 7, '00:00:00+00', '23:59:59+00'),
(266, 1, '00:00:00+00', '23:59:59+00'),
(266, 2, '00:00:00+00', '23:59:59+00'),
(266, 3, '00:00:00+00', '23:59:59+00'),
(266, 4, '00:00:00+00', '23:59:59+00'),
(266, 5, '00:00:00+00', '23:59:59+00'),
(266, 6, '00:00:00+00', '23:59:59+00'),
(266, 7, '00:00:00+00', '23:59:59+00'),
(267, 1, '00:00:00+00', '23:59:59+00'),
(267, 2, '00:00:00+00', '23:59:59+00'),
(267, 3, '00:00:00+00', '23:59:59+00'),
(267, 4, '00:00:00+00', '23:59:59+00'),
(267, 5, '00:00:00+00', '23:59:59+00'),
(267, 6, '00:00:00+00', '23:59:59+00'),
(267, 7, '00:00:00+00', '23:59:59+00'),
(268, 1, '00:00:00+00', '23:59:59+00'),
(268, 2, '00:00:00+00', '23:59:59+00'),
(268, 3, '00:00:00+00', '23:59:59+00'),
(268, 4, '00:00:00+00', '23:59:59+00'),
(268, 5, '00:00:00+00', '23:59:59+00'),
(268, 6, '00:00:00+00', '23:59:59+00'),
(268, 7, '00:00:00+00', '23:59:59+00'),
(269, 1, '00:00:00+00', '23:59:59+00'),
(269, 2, '00:00:00+00', '23:59:59+00'),
(269, 3, '00:00:00+00', '23:59:59+00'),
(269, 4, '00:00:00+00', '23:59:59+00'),
(269, 5, '00:00:00+00', '23:59:59+00'),
(269, 6, '00:00:00+00', '23:59:59+00'),
(269, 7, '00:00:00+00', '23:59:59+00'),
(270, 1, '00:00:00+00', '23:59:59+00'),
(270, 2, '00:00:00+00', '23:59:59+00'),
(270, 3, '00:00:00+00', '23:59:59+00'),
(270, 4, '00:00:00+00', '23:59:59+00'),
(270, 5, '00:00:00+00', '23:59:59+00'),
(270, 6, '00:00:00+00', '23:59:59+00'),
(270, 7, '00:00:00+00', '23:59:59+00'),
(271, 1, '00:00:00+00', '23:59:59+00'),
(271, 2, '00:00:00+00', '23:59:59+00'),
(271, 3, '00:00:00+00', '23:59:59+00'),
(271, 4, '00:00:00+00', '23:59:59+00'),
(271, 5, '00:00:00+00', '23:59:59+00'),
(271, 6, '00:00:00+00', '23:59:59+00'),
(271, 7, '00:00:00+00', '23:59:59+00'),
(272, 1, '00:00:00+00', '23:59:59+00'),
(272, 2, '00:00:00+00', '23:59:59+00'),
(272, 3, '00:00:00+00', '23:59:59+00'),
(272, 4, '00:00:00+00', '23:59:59+00'),
(272, 5, '00:00:00+00', '23:59:59+00'),
(272, 6, '00:00:00+00', '23:59:59+00'),
(272, 7, '00:00:00+00', '23:59:59+00'),
(273, 1, '00:00:00+00', '23:59:59+00'),
(273, 2, '00:00:00+00', '23:59:59+00'),
(273, 3, '00:00:00+00', '23:59:59+00'),
(273, 4, '00:00:00+00', '23:59:59+00'),
(273, 5, '00:00:00+00', '23:59:59+00'),
(273, 6, '00:00:00+00', '23:59:59+00'),
(273, 7, '00:00:00+00', '23:59:59+00'),
(274, 1, '00:00:00+00', '23:59:59+00'),
(274, 2, '00:00:00+00', '23:59:59+00'),
(274, 3, '00:00:00+00', '23:59:59+00'),
(274, 4, '00:00:00+00', '23:59:59+00'),
(274, 5, '00:00:00+00', '23:59:59+00'),
(274, 6, '00:00:00+00', '23:59:59+00'),
(274, 7, '00:00:00+00', '23:59:59+00'),
(275, 1, '00:00:00+00', '23:59:59+00'),
(275, 2, '00:00:00+00', '23:59:59+00'),
(275, 3, '00:00:00+00', '23:59:59+00'),
(275, 4, '00:00:00+00', '23:59:59+00'),
(275, 5, '00:00:00+00', '23:59:59+00'),
(275, 6, '00:00:00+00', '23:59:59+00'),
(275, 7, '00:00:00+00', '23:59:59+00'),
(276, 1, '00:00:00+00', '23:59:59+00'),
(276, 2, '00:00:00+00', '23:59:59+00'),
(276, 3, '00:00:00+00', '23:59:59+00'),
(276, 4, '00:00:00+00', '23:59:59+00'),
(276, 5, '00:00:00+00', '23:59:59+00'),
(276, 6, '00:00:00+00', '23:59:59+00'),
(276, 7, '00:00:00+00', '23:59:59+00'),
(277, 1, '00:00:00+00', '23:59:59+00'),
(277, 2, '00:00:00+00', '23:59:59+00'),
(277, 3, '00:00:00+00', '23:59:59+00'),
(277, 4, '00:00:00+00', '23:59:59+00'),
(277, 5, '00:00:00+00', '23:59:59+00'),
(277, 6, '00:00:00+00', '23:59:59+00'),
(277, 7, '00:00:00+00', '23:59:59+00'),
(278, 1, '00:00:00+00', '23:59:59+00'),
(278, 2, '00:00:00+00', '23:59:59+00'),
(278, 3, '00:00:00+00', '23:59:59+00'),
(278, 4, '00:00:00+00', '23:59:59+00'),
(278, 5, '00:00:00+00', '23:59:59+00'),
(278, 6, '00:00:00+00', '23:59:59+00'),
(278, 7, '00:00:00+00', '23:59:59+00'),
(279, 1, '00:00:00+00', '23:59:59+00'),
(279, 2, '00:00:00+00', '23:59:59+00'),
(279, 3, '00:00:00+00', '23:59:59+00'),
(279, 4, '00:00:00+00', '23:59:59+00'),
(279, 5, '00:00:00+00', '23:59:59+00'),
(279, 6, '00:00:00+00', '23:59:59+00'),
(279, 7, '00:00:00+00', '23:59:59+00'),
(280, 1, '00:00:00+00', '23:59:59+00'),
(280, 2, '00:00:00+00', '23:59:59+00'),
(280, 3, '00:00:00+00', '23:59:59+00'),
(280, 4, '00:00:00+00', '23:59:59+00'),
(280, 5, '00:00:00+00', '23:59:59+00'),
(280, 6, '00:00:00+00', '23:59:59+00'),
(280, 7, '00:00:00+00', '23:59:59+00'),
(281, 1, '00:00:00+00', '23:59:59+00'),
(281, 2, '00:00:00+00', '23:59:59+00'),
(281, 3, '00:00:00+00', '23:59:59+00'),
(281, 4, '00:00:00+00', '23:59:59+00'),
(281, 5, '00:00:00+00', '23:59:59+00'),
(281, 6, '00:00:00+00', '23:59:59+00'),
(281, 7, '00:00:00+00', '23:59:59+00'),
(282, 1, '00:00:00+00', '23:59:59+00'),
(282, 2, '00:00:00+00', '23:59:59+00'),
(282, 3, '00:00:00+00', '23:59:59+00'),
(282, 4, '00:00:00+00', '23:59:59+00'),
(282, 5, '00:00:00+00', '23:59:59+00'),
(282, 6, '00:00:00+00', '23:59:59+00'),
(282, 7, '00:00:00+00', '23:59:59+00'),
(283, 1, '00:00:00+00', '23:59:59+00'),
(283, 2, '00:00:00+00', '23:59:59+00'),
(283, 3, '00:00:00+00', '23:59:59+00'),
(283, 4, '00:00:00+00', '23:59:59+00'),
(283, 5, '00:00:00+00', '23:59:59+00'),
(283, 6, '00:00:00+00', '23:59:59+00'),
(283, 7, '00:00:00+00', '23:59:59+00'),
(284, 1, '00:00:00+00', '23:59:59+00'),
(284, 2, '00:00:00+00', '23:59:59+00'),
(284, 3, '00:00:00+00', '23:59:59+00'),
(284, 4, '00:00:00+00', '23:59:59+00'),
(284, 5, '00:00:00+00', '23:59:59+00'),
(284, 6, '00:00:00+00', '23:59:59+00'),
(284, 7, '00:00:00+00', '23:59:59+00'),
(285, 1, '00:00:00+00', '23:59:59+00'),
(285, 2, '00:00:00+00', '23:59:59+00'),
(285, 3, '00:00:00+00', '23:59:59+00'),
(285, 4, '00:00:00+00', '23:59:59+00'),
(285, 5, '00:00:00+00', '23:59:59+00'),
(285, 6, '00:00:00+00', '23:59:59+00'),
(285, 7, '00:00:00+00', '23:59:59+00'),
(286, 1, '00:00:00+00', '23:59:59+00'),
(286, 2, '00:00:00+00', '23:59:59+00'),
(286, 3, '00:00:00+00', '23:59:59+00'),
(286, 4, '00:00:00+00', '23:59:59+00'),
(286, 5, '00:00:00+00', '23:59:59+00');

INSERT INTO "public"."poi_hours" ("poi_id", "day_of_week", "open_at", "close_at") VALUES
(286, 6, '00:00:00+00', '23:59:59+00'),
(286, 7, '00:00:00+00', '23:59:59+00'),
(287, 1, '00:00:00+00', '23:59:59+00'),
(287, 2, '00:00:00+00', '23:59:59+00'),
(287, 3, '00:00:00+00', '23:59:59+00'),
(287, 4, '00:00:00+00', '23:59:59+00'),
(287, 5, '00:00:00+00', '23:59:59+00'),
(287, 6, '00:00:00+00', '23:59:59+00'),
(287, 7, '00:00:00+00', '23:59:59+00'),
(288, 1, '00:00:00+00', '23:59:59+00'),
(288, 2, '00:00:00+00', '23:59:59+00'),
(288, 3, '00:00:00+00', '23:59:59+00'),
(288, 4, '00:00:00+00', '23:59:59+00'),
(288, 5, '00:00:00+00', '23:59:59+00'),
(288, 6, '00:00:00+00', '23:59:59+00'),
(288, 7, '00:00:00+00', '23:59:59+00'),
(289, 1, '00:00:00+00', '23:59:59+00'),
(289, 2, '00:00:00+00', '23:59:59+00'),
(289, 3, '00:00:00+00', '23:59:59+00'),
(289, 4, '00:00:00+00', '23:59:59+00'),
(289, 5, '00:00:00+00', '23:59:59+00'),
(289, 6, '00:00:00+00', '23:59:59+00'),
(289, 7, '00:00:00+00', '23:59:59+00'),
(290, 1, '00:00:00+00', '23:59:59+00'),
(290, 2, '00:00:00+00', '23:59:59+00'),
(290, 3, '00:00:00+00', '23:59:59+00'),
(290, 4, '00:00:00+00', '23:59:59+00'),
(290, 5, '00:00:00+00', '23:59:59+00'),
(290, 6, '00:00:00+00', '23:59:59+00'),
(290, 7, '00:00:00+00', '23:59:59+00'),
(291, 1, '00:00:00+00', '23:59:59+00'),
(291, 2, '00:00:00+00', '23:59:59+00'),
(291, 3, '00:00:00+00', '23:59:59+00'),
(291, 4, '00:00:00+00', '23:59:59+00'),
(291, 5, '00:00:00+00', '23:59:59+00'),
(291, 6, '00:00:00+00', '23:59:59+00'),
(291, 7, '00:00:00+00', '23:59:59+00'),
(292, 1, '00:00:00+00', '23:59:59+00'),
(292, 2, '00:00:00+00', '23:59:59+00'),
(292, 3, '00:00:00+00', '23:59:59+00'),
(292, 4, '00:00:00+00', '23:59:59+00'),
(292, 5, '00:00:00+00', '23:59:59+00'),
(292, 6, '00:00:00+00', '23:59:59+00'),
(292, 7, '00:00:00+00', '23:59:59+00'),
(293, 1, '00:00:00+00', '23:59:59+00'),
(293, 2, '00:00:00+00', '23:59:59+00'),
(293, 3, '00:00:00+00', '23:59:59+00'),
(293, 4, '00:00:00+00', '23:59:59+00'),
(293, 5, '00:00:00+00', '23:59:59+00'),
(293, 6, '00:00:00+00', '23:59:59+00'),
(293, 7, '00:00:00+00', '23:59:59+00'),
(294, 1, '00:00:00+00', '23:59:59+00'),
(294, 2, '00:00:00+00', '23:59:59+00'),
(294, 3, '00:00:00+00', '23:59:59+00'),
(294, 4, '00:00:00+00', '23:59:59+00'),
(294, 5, '00:00:00+00', '23:59:59+00'),
(294, 6, '00:00:00+00', '23:59:59+00'),
(294, 7, '00:00:00+00', '23:59:59+00'),
(295, 1, '00:00:00+00', '23:59:59+00'),
(295, 2, '00:00:00+00', '23:59:59+00'),
(295, 3, '00:00:00+00', '23:59:59+00'),
(295, 4, '00:00:00+00', '23:59:59+00'),
(295, 5, '00:00:00+00', '23:59:59+00'),
(295, 6, '00:00:00+00', '23:59:59+00'),
(295, 7, '00:00:00+00', '23:59:59+00'),
(296, 1, '00:00:00+00', '23:59:59+00'),
(296, 2, '00:00:00+00', '23:59:59+00'),
(296, 3, '00:00:00+00', '23:59:59+00'),
(296, 4, '00:00:00+00', '23:59:59+00'),
(296, 5, '00:00:00+00', '23:59:59+00'),
(296, 6, '00:00:00+00', '23:59:59+00'),
(296, 7, '00:00:00+00', '23:59:59+00'),
(297, 1, '00:00:00+00', '23:59:59+00'),
(297, 2, '00:00:00+00', '23:59:59+00'),
(297, 3, '00:00:00+00', '23:59:59+00'),
(297, 4, '00:00:00+00', '23:59:59+00'),
(297, 5, '00:00:00+00', '23:59:59+00'),
(297, 6, '00:00:00+00', '23:59:59+00'),
(297, 7, '00:00:00+00', '23:59:59+00'),
(298, 1, '00:00:00+00', '23:59:59+00'),
(298, 2, '00:00:00+00', '23:59:59+00'),
(298, 3, '00:00:00+00', '23:59:59+00'),
(298, 4, '00:00:00+00', '23:59:59+00'),
(298, 5, '00:00:00+00', '23:59:59+00'),
(298, 6, '00:00:00+00', '23:59:59+00'),
(298, 7, '00:00:00+00', '23:59:59+00'),
(299, 1, '00:00:00+00', '23:59:59+00'),
(299, 2, '00:00:00+00', '23:59:59+00'),
(299, 3, '00:00:00+00', '23:59:59+00'),
(299, 4, '00:00:00+00', '23:59:59+00'),
(299, 5, '00:00:00+00', '23:59:59+00'),
(299, 6, '00:00:00+00', '23:59:59+00'),
(299, 7, '00:00:00+00', '23:59:59+00'),
(300, 1, '00:00:00+00', '23:59:59+00'),
(300, 2, '00:00:00+00', '23:59:59+00'),
(300, 3, '00:00:00+00', '23:59:59+00'),
(300, 4, '00:00:00+00', '23:59:59+00'),
(300, 5, '00:00:00+00', '23:59:59+00'),
(300, 6, '00:00:00+00', '23:59:59+00'),
(300, 7, '00:00:00+00', '23:59:59+00');

INSERT INTO "public"."rents" ("id", "bike_id", "user_id", "is_closed") VALUES
(1, 1, 1, 'f'), 
(2, 2, 2, 'f'),
(3, 3, 3, 'f'),
(4, 4, 4, 'f'),
(5, 5, 5, 'f'),
(6, 6, 6, 'f'),
(7, 7, 7, 'f'),
(8, 8, 8, 'f'),
(9, 9, 9, 'f'),
(10, 10, 10, 'f');

INSERT INTO "public"."user_interests" ("user_id", "category") VALUES
(1, 'Ristorazione'),
(1, 'Istruzione'),
(1, 'Servizi finanziari'),
(1, 'Sanità'),
(1, 'Servizi pubblici'),
(1, 'Gestione dei rifiuti'),
(1, 'Intrattenimento, Arte e Cultura'),
(1, 'Strutture'),
(1, 'Cibo e bevande'),
(1, 'Negozio generico, grande magazzino, centro commerciale'),
(1, 'Abbigliamento, scarpe, accessori'),
(1, 'Negozio sconti, enti di beneficenza'),
(1, 'Salute e bellezza'),
(1, 'Fai da te, casalinghi, materiali edili, giardinaggio'),
(1, 'Arredamento e interni'),
(1, 'Elettronica'),
(1, 'Attività esterne, sport e veicoli'),
(1, 'Arte, musica, hobby'),
(1, 'Cartoleria, regali, libri, giornali'),

(2, 'Ristorazione'),
(2, 'Istruzione'),
(2, 'Servizi finanziari'),
(2, 'Sanità'),
(2, 'Servizi pubblici'),
(2, 'Gestione dei rifiuti'),
(2, 'Intrattenimento, Arte e Cultura'),
(2, 'Strutture'),
(2, 'Cibo e bevande'),
(2, 'Negozio generico, grande magazzino, centro commerciale'),
(2, 'Abbigliamento, scarpe, accessori'),
(2, 'Negozio sconti, enti di beneficenza'),
(2, 'Salute e bellezza'),
(2, 'Fai da te, casalinghi, materiali edili, giardinaggio'),
(2, 'Arredamento e interni'),
(2, 'Elettronica'),
(2, 'Attività esterne, sport e veicoli'),
(2, 'Arte, musica, hobby'),
(2, 'Cartoleria, regali, libri, giornali'),

(3, 'Ristorazione'),
(3, 'Istruzione'),
(3, 'Servizi finanziari'),
(3, 'Sanità'),
(3, 'Servizi pubblici'),
(3, 'Gestione dei rifiuti'),
(3, 'Intrattenimento, Arte e Cultura'),
(3, 'Strutture'),
(3, 'Cibo e bevande'),
(3, 'Negozio generico, grande magazzino, centro commerciale'),
(3, 'Abbigliamento, scarpe, accessori'),
(3, 'Negozio sconti, enti di beneficenza'),
(3, 'Salute e bellezza'),
(3, 'Fai da te, casalinghi, materiali edili, giardinaggio'),
(3, 'Arredamento e interni'),
(3, 'Elettronica'),
(3, 'Attività esterne, sport e veicoli'),
(3, 'Arte, musica, hobby'),
(3, 'Cartoleria, regali, libri, giornali'),

(4, 'Ristorazione'),
(4, 'Istruzione'),
(4, 'Servizi finanziari'),
(4, 'Sanità'),
(4, 'Servizi pubblici'),
(4, 'Gestione dei rifiuti'),
(4, 'Intrattenimento, Arte e Cultura'),
(4, 'Strutture'),
(4, 'Cibo e bevande'),
(4, 'Negozio generico, grande magazzino, centro commerciale'),
(4, 'Abbigliamento, scarpe, accessori'),
(4, 'Negozio sconti, enti di beneficenza'),
(4, 'Salute e bellezza'),
(4, 'Fai da te, casalinghi, materiali edili, giardinaggio'),
(4, 'Arredamento e interni'),
(4, 'Elettronica'),
(4, 'Attività esterne, sport e veicoli'),
(4, 'Arte, musica, hobby'),
(4, 'Cartoleria, regali, libri, giornali'),

(5, 'Ristorazione'),
(5, 'Istruzione'),
(5, 'Servizi finanziari'),
(5, 'Sanità'),
(5, 'Servizi pubblici'),
(5, 'Gestione dei rifiuti'),
(5, 'Intrattenimento, Arte e Cultura'),
(5, 'Strutture'),
(5, 'Cibo e bevande'),
(5, 'Negozio generico, grande magazzino, centro commerciale'),
(5, 'Abbigliamento, scarpe, accessori'),
(5, 'Negozio sconti, enti di beneficenza'),
(5, 'Salute e bellezza'),
(5, 'Fai da te, casalinghi, materiali edili, giardinaggio'),
(5, 'Arredamento e interni'),
(5, 'Elettronica'),
(5, 'Attività esterne, sport e veicoli'),
(5, 'Arte, musica, hobby'),
(5, 'Cartoleria, regali, libri, giornali'),

(6, 'Ristorazione'),
(6, 'Istruzione'),
(6, 'Servizi finanziari'),
(6, 'Sanità'),
(6, 'Servizi pubblici'),
(6, 'Gestione dei rifiuti'),
(6, 'Intrattenimento, Arte e Cultura'),
(6, 'Strutture'),
(6, 'Cibo e bevande'),
(6, 'Negozio generico, grande magazzino, centro commerciale'),
(6, 'Abbigliamento, scarpe, accessori'),
(6, 'Negozio sconti, enti di beneficenza'),
(6, 'Salute e bellezza'),
(6, 'Fai da te, casalinghi, materiali edili, giardinaggio'),
(6, 'Arredamento e interni'),
(6, 'Elettronica'),
(6, 'Attività esterne, sport e veicoli'),
(6, 'Arte, musica, hobby'),
(6, 'Cartoleria, regali, libri, giornali'),

(7, 'Ristorazione'),
(7, 'Istruzione'),
(7, 'Servizi finanziari'),
(7, 'Sanità'),
(7, 'Servizi pubblici'),
(7, 'Gestione dei rifiuti'),
(7, 'Intrattenimento, Arte e Cultura'),
(7, 'Strutture'),
(7, 'Cibo e bevande'),
(7, 'Negozio generico, grande magazzino, centro commerciale'),
(7, 'Abbigliamento, scarpe, accessori'),
(7, 'Negozio sconti, enti di beneficenza'),
(7, 'Salute e bellezza'),
(7, 'Fai da te, casalinghi, materiali edili, giardinaggio'),
(7, 'Arredamento e interni'),
(7, 'Elettronica'),
(7, 'Attività esterne, sport e veicoli'),
(7, 'Arte, musica, hobby'),
(7, 'Cartoleria, regali, libri, giornali'),

(8, 'Ristorazione'),
(8, 'Istruzione'),
(8, 'Servizi finanziari'),
(8, 'Sanità'),
(8, 'Servizi pubblici'),
(8, 'Gestione dei rifiuti'),
(8, 'Intrattenimento, Arte e Cultura'),
(8, 'Strutture'),
(8, 'Cibo e bevande'),
(8, 'Negozio generico, grande magazzino, centro commerciale'),
(8, 'Abbigliamento, scarpe, accessori'),
(8, 'Negozio sconti, enti di beneficenza'),
(8, 'Salute e bellezza'),
(8, 'Fai da te, casalinghi, materiali edili, giardinaggio'),
(8, 'Arredamento e interni'),
(8, 'Elettronica'),
(8, 'Attività esterne, sport e veicoli'),
(8, 'Arte, musica, hobby'),
(8, 'Cartoleria, regali, libri, giornali'),

(9, 'Ristorazione'),
(9, 'Istruzione'),
(9, 'Servizi finanziari'),
(9, 'Sanità'),
(9, 'Servizi pubblici'),
(9, 'Gestione dei rifiuti'),
(9, 'Intrattenimento, Arte e Cultura'),
(9, 'Strutture'),
(9, 'Cibo e bevande'),
(9, 'Negozio generico, grande magazzino, centro commerciale'),
(9, 'Abbigliamento, scarpe, accessori'),
(9, 'Negozio sconti, enti di beneficenza'),
(9, 'Salute e bellezza'),
(9, 'Fai da te, casalinghi, materiali edili, giardinaggio'),
(9, 'Arredamento e interni'),
(9, 'Elettronica'),
(9, 'Attività esterne, sport e veicoli'),
(9, 'Arte, musica, hobby'),
(9, 'Cartoleria, regali, libri, giornali'),

(10, 'Ristorazione'),
(10, 'Istruzione'),
(10, 'Servizi finanziari'),
(10, 'Sanità'),
(10, 'Servizi pubblici'),
(10, 'Gestione dei rifiuti'),
(10, 'Intrattenimento, Arte e Cultura'),
(10, 'Strutture'),
(10, 'Cibo e bevande'),
(10, 'Negozio generico, grande magazzino, centro commerciale'),
(10, 'Abbigliamento, scarpe, accessori'),
(10, 'Negozio sconti, enti di beneficenza'),
(10, 'Salute e bellezza'),
(10, 'Fai da te, casalinghi, materiali edili, giardinaggio'),
(10, 'Arredamento e interni'),
(10, 'Elettronica'),
(10, 'Attività esterne, sport e veicoli'),
(10, 'Arte, musica, hobby'),
(10, 'Cartoleria, regali, libri, giornali');

